"Hot Spots - Method";"Self Time [%]";"Self Time";"Self Time (CPU)";"Total Time";"Total Time (CPU)";"Samples"
"java.lang.Object.wait[native]()";"33.545856";"72567.009 ms";"0.0 ms";"72567.009 ms";"0.0 ms";"3"
"java.net.SocketInputStream.socketRead0[native]()";"21.706673";"46956.271 ms";"46956.271 ms";"46956.271 ms";"46956.271 ms";"16"
"java.net.DualStackPlainSocketImpl.accept0[native]()";"11.181952";"24189.003 ms";"0.0 ms";"24189.003 ms";"0.0 ms";"1"
"sun.misc.Unsafe.park[native]()";"11.181952";"24189.003 ms";"0.0 ms";"24189.003 ms";"0.0 ms";"1"
"sun.management.ThreadImpl.dumpThreads0[native]()";"11.1819515";"24189.002 ms";"24189.002 ms";"24189.002 ms";"24189.002 ms";"16"
"java.security.AccessController.doPrivileged[native]()";"1.2522467";"2708.883 ms";"2708.883 ms";"74455.19 ms";"74455.19 ms";"202"
"java.io.FileOutputStream.close0[native]()";"1.2456645";"2694.644 ms";"2694.644 ms";"2694.644 ms";"2694.644 ms";"61"
"sun.misc.FloatingDecimal$BinaryToASCIIBuffer.access$100()";"0.85528725";"1850.173 ms";"1850.173 ms";"1850.173 ms";"1850.173 ms";"83"
"java.io.FileOutputStream.open0[native]()";"0.5770037";"1248.185 ms";"1248.185 ms";"1248.185 ms";"1248.185 ms";"87"
"java.io.FileOutputStream.writeBytes[native]()";"0.5682224";"1229.189 ms";"1229.189 ms";"1229.189 ms";"1229.189 ms";"97"
"org.apache.fop.fo.properties.PropertyMaker.findProperty()";"0.40607";"878.418 ms";"878.418 ms";"1667.701 ms";"1667.701 ms";"164"
"org.apache.fop.fo.FObj.addChildNode()";"0.35535434";"768.709 ms";"768.709 ms";"768.709 ms";"768.709 ms";"34"
"java.text.DecimalFormat.format()";"0.29453802";"637.15 ms";"637.15 ms";"3444.298 ms";"3444.298 ms";"305"
"java.text.DigitList.round()";"0.2938608";"635.685 ms";"635.685 ms";"635.685 ms";"635.685 ms";"28"
"org.apache.fop.fo.FONode.getFOEventHandler()";"0.23956482";"518.231 ms";"518.231 ms";"518.232 ms";"518.232 ms";"136"
"org.apache.xmlgraphics.ps.PSGenerator.write()";"0.23129705";"500.346 ms";"500.346 ms";"1362.204 ms";"1362.204 ms";"67"
"org.apache.fop.render.ps.PSRenderer.renderText()";"0.22794834";"493.102 ms";"493.102 ms";"5499.357 ms";"5499.357 ms";"389"
"java.io.WinNTFileSystem.delete0[native]()";"0.1983873";"429.155 ms";"429.155 ms";"429.155 ms";"429.155 ms";"20"
"java.io.FileInputStream.readBytes[native]()";"0.17817666";"385.435 ms";"385.435 ms";"385.435 ms";"385.435 ms";"19"
"org.apache.fop.layoutmgr.PositionIterator.hasNext()";"0.17113438";"370.201 ms";"370.201 ms";"370.201 ms";"370.201 ms";"18"
"org.apache.fop.fo.XMLWhiteSpaceHandler.handleWhiteSpace()";"0.15967368";"345.409 ms";"345.409 ms";"521.958 ms";"521.958 ms";"69"
"org.apache.fop.fo.properties.CompoundPropertyMaker.makeCompound()";"0.15062974";"325.845 ms";"325.845 ms";"325.845 ms";"325.845 ms";"16"
"java.lang.String.intern[native]()";"0.12889639";"278.831 ms";"278.831 ms";"278.831 ms";"278.831 ms";"14"
"org.apache.fop.fo.properties.PropertyCache.get()";"0.12877157";"278.561 ms";"278.561 ms";"480.809 ms";"480.809 ms";"24"
"org.apache.fop.fo.properties.PropertyMaker.compute()";"0.10455672";"226.179 ms";"226.179 ms";"283.062 ms";"283.062 ms";"19"
"org.apache.fop.layoutmgr.BreakingAlgorithm.considerLegalBreak()";"0.10356653";"224.037 ms";"224.037 ms";"265.296 ms";"265.296 ms";"13"
"sun.misc.FloatingDecimal$BinaryToASCIIBuffer.toJavaFormatString()";"0.101998955";"220.646 ms";"220.646 ms";"220.646 ms";"220.646 ms";"11"
"java.io.WinNTFileSystem.canonicalize0[native]()";"0.09242295";"199.931 ms";"199.931 ms";"199.931 ms";"199.931 ms";"12"
"java.lang.StringBuffer.toString()";"0.09164447";"198.247 ms";"198.247 ms";"198.247 ms";"198.247 ms";"10"
"java.lang.Object.clone[native]()";"0.091307014";"197.517 ms";"197.517 ms";"197.517 ms";"197.517 ms";"9"
"java.text.DigitList.set()";"0.08547959";"184.911 ms";"184.911 ms";"2788.513 ms";"2788.513 ms";"151"
"org.apache.xmlgraphics.ps.PSFontUtils.defineWinAnsiEncoding()";"0.083627254";"180.904 ms";"180.904 ms";"199.835 ms";"199.835 ms";"10"
"org.apache.fop.fo.properties.PropertyMaker.get()";"0.08093312";"175.076 ms";"175.076 ms";"2188.33 ms";"2188.33 ms";"191"
"org.apache.fop.render.ps.PSRenderer.useFont()";"0.07702135";"166.614 ms";"166.614 ms";"417.24 ms";"417.24 ms";"18"
"java.io.WinNTFileSystem.getBooleanAttributes[native]()";"0.07642364";"165.321 ms";"165.321 ms";"165.321 ms";"165.321 ms";"10"
"org.apache.xerces.impl.XMLEntityScanner.scanQName()";"0.07565441";"163.657 ms";"163.657 ms";"410.72 ms";"410.72 ms";"20"
"org.apache.fop.fo.FOTreeBuilder$MainFOHandler.startElement()";"0.07548984";"163.301 ms";"163.301 ms";"3870.701 ms";"3870.701 ms";"108"
"org.apache.fop.fonts.Font.hasChar()";"0.07480105";"161.811 ms";"161.811 ms";"199.828 ms";"199.828 ms";"10"
"org.apache.fop.fo.properties.PropertyMaker.make()";"0.07375909";"159.557 ms";"159.557 ms";"705.613 ms";"705.613 ms";"36"
"org.apache.fop.fo.PropertyList.get()";"0.0646079";"139.761 ms";"139.761 ms";"2248.396 ms";"2248.396 ms";"327"
"org.apache.fop.render.AbstractRenderer.renderBlocks()";"0.060282867";"130.405 ms";"130.405 ms";"5999.573 ms";"5999.573 ms";"574"
"org.apache.xmlgraphics.ps.PSGenerator.convertStringToDSC()";"0.059064776";"127.77 ms";"127.77 ms";"127.77 ms";"127.77 ms";"10"
"java.lang.Throwable.fillInStackTrace[native]()";"0.053333037";"115.371 ms";"115.371 ms";"115.371 ms";"115.371 ms";"4"
"java.lang.StringBuffer.append()";"0.05325214";"115.196 ms";"115.196 ms";"172.512 ms";"172.512 ms";"9"
"java.lang.StringBuffer.<init>()";"0.04828639";"104.454 ms";"104.454 ms";"104.454 ms";"104.454 ms";"5"
"org.apache.fop.fo.properties.PropertyCache.hash()";"0.04729435";"102.308 ms";"102.308 ms";"102.308 ms";"102.308 ms";"5"
"java.util.HashMap.getNode()";"0.038571235";"83.438 ms";"83.438 ms";"83.438 ms";"83.438 ms";"4"
"org.apache.fop.fo.PropertyList.addAttributesToList()";"0.038365986";"82.994 ms";"82.994 ms";"563.693 ms";"563.693 ms";"27"
"org.apache.fop.layoutmgr.SpaceResolver.resolveElementList()";"0.038308203";"82.869 ms";"82.869 ms";"122.341 ms";"122.341 ms";"6"
"org.apache.fop.layoutmgr.BlockLayoutManager.getParentArea()";"0.03823516";"82.711 ms";"82.711 ms";"82.711 ms";"82.711 ms";"4"
"org.apache.fop.fo.properties.FontFamilyProperty$Maker.make()";"0.037195507";"80.462 ms";"80.462 ms";"119.058 ms";"119.058 ms";"6"
"org.apache.fop.area.LineArea.<init>()";"0.036784545";"79.573 ms";"79.573 ms";"79.573 ms";"79.573 ms";"4"
"org.apache.fop.fo.expr.PropertyParser.parseProperty()";"0.0365192";"78.999 ms";"78.999 ms";"216.926 ms";"216.926 ms";"11"
"org.apache.fop.layoutmgr.AbstractLayoutManager.getPSLM()";"0.035441175";"76.667 ms";"76.667 ms";"76.667 ms";"76.667 ms";"12"
"org.apache.fop.fo.properties.CommonFont.getFontState()";"0.03246968";"70.239 ms";"70.239 ms";"89.075 ms";"89.075 ms";"3"
"org.apache.fop.layoutmgr.BreakingAlgorithm.findBreakingPoints()";"0.030113928";"65.143 ms";"65.143 ms";"472.651 ms";"472.651 ms";"48"
"org.apache.xerces.impl.XMLDocumentFragmentScannerImpl.scanContent()";"0.029046075";"62.833 ms";"62.833 ms";"639.615 ms";"639.615 ms";"30"
"org.apache.fop.fo.properties.CompoundPropertyMaker.convertProperty()";"0.02897997";"62.69 ms";"62.69 ms";"225.694 ms";"225.694 ms";"11"
"org.apache.xerces.util.SymbolTable.addSymbol()";"0.02816683";"60.931 ms";"60.931 ms";"121.016 ms";"121.016 ms";"6"
"org.apache.fop.fo.properties.PropertyCache.eq()";"0.027923211";"60.404 ms";"60.404 ms";"60.404 ms";"60.404 ms";"3"
"java.util.LinkedList.toArray()";"0.027788227";"60.112 ms";"60.112 ms";"60.112 ms";"60.112 ms";"3"
"org.apache.fop.layoutmgr.inline.LineLayoutManager$LineBreakingAlgorithm.updateData2()";"0.027242744";"58.932 ms";"58.932 ms";"142.211 ms";"142.211 ms";"7"
"java.lang.Throwable.getStackTraceElement[native]()";"0.02713642";"58.702 ms";"58.702 ms";"58.702 ms";"58.702 ms";"3"
"org.apache.fop.layoutmgr.inline.TextLayoutManager.getNextKnuthElements()";"0.026056087";"56.365 ms";"56.365 ms";"97.299 ms";"97.299 ms";"5"
"org.apache.fop.fo.pagination.PageNumberGenerator.makeFormattedPageNumber()";"0.02443073";"52.849 ms";"52.849 ms";"52.849 ms";"52.849 ms";"1"
"java.lang.System.setOut0[native]()";"0.022322297";"48.288 ms";"48.288 ms";"48.288 ms";"48.288 ms";"5"
"java.io.WinNTFileSystem.rename0[native]()";"0.021200357";"45.861 ms";"45.861 ms";"45.861 ms";"45.861 ms";"10"
"org.apache.fop.fo.properties.CommonTextDecoration.calcTextDecoration()";"0.020421425";"44.176 ms";"44.176 ms";"44.177 ms";"44.177 ms";"7"
"org.apache.fop.fonts.Font.getAscender()";"0.01984913";"42.938 ms";"42.938 ms";"42.938 ms";"42.938 ms";"2"
"org.apache.fop.fo.FObj.<init>()";"0.019734949";"42.691 ms";"42.691 ms";"42.691 ms";"42.691 ms";"2"
"java.lang.String.valueOf()";"0.01949133";"42.164 ms";"42.164 ms";"123.602 ms";"123.602 ms";"6"
"org.apache.fop.layoutmgr.inline.InlineLayoutManager.addAreas()";"0.019425686";"42.022 ms";"42.022 ms";"204.994 ms";"204.994 ms";"15"
"java.lang.System.currentTimeMillis[native]()";"0.019349411";"41.857 ms";"41.857 ms";"41.857 ms";"41.857 ms";"3"
"org.apache.fop.layoutmgr.inline.LineLayoutManager.addInlineArea()";"0.019333232";"41.822 ms";"41.822 ms";"1108.568 ms";"1108.568 ms";"55"
"org.apache.fop.fo.properties.CommonBorderPaddingBackground.<init>()";"0.01918022";"41.491 ms";"41.491 ms";"336.355 ms";"336.355 ms";"16"
"org.apache.fop.fo.RecursiveCharIterator.clone()";"0.01913769";"41.399 ms";"41.399 ms";"79.266 ms";"79.266 ms";"4"
"org.apache.xerces.xinclude.XIncludeHandler.startElement()";"0.018952318";"40.998 ms";"40.998 ms";"3872.053 ms";"3872.053 ms";"106"
"org.apache.fop.render.AbstractPathOrientedRenderer.drawBorders()";"0.01887928";"40.84 ms";"40.84 ms";"235.933 ms";"235.933 ms";"12"
"java.io.FileInputStream.read0[native]()";"0.018871421";"40.823 ms";"40.823 ms";"40.823 ms";"40.823 ms";"2"
"org.apache.fop.layoutmgr.SpaceElement.notifyLayoutManager()";"0.018822419";"40.717 ms";"40.717 ms";"40.717 ms";"40.717 ms";"2"
"org.apache.fop.render.ps.PSFontUtils.writeFontDict()";"0.018772494";"40.609 ms";"40.609 ms";"240.444 ms";"240.444 ms";"24"
"java.util.HashMap.put()";"0.018693445";"40.438 ms";"40.438 ms";"221.181 ms";"221.181 ms";"10"
"org.apache.fop.layoutmgr.AreaAdditionUtil.addAreas()";"0.018632887";"40.307 ms";"40.307 ms";"1330.034 ms";"1330.034 ms";"61"
"org.apache.fop.fonts.base14.Helvetica.mapChar()";"0.018368928";"39.736 ms";"39.736 ms";"39.736 ms";"39.736 ms";"2"
"org.apache.fop.fo.FOText.charIterator()";"0.018347202";"39.689 ms";"39.689 ms";"39.689 ms";"39.689 ms";"2"
"org.apache.fop.fo.expr.PropertyParser.parsePrimaryExpr()";"0.018279709";"39.543 ms";"39.543 ms";"137.926 ms";"137.926 ms";"7"
"org.apache.fop.fo.properties.CommonFont.hashCode()";"0.018275548";"39.534 ms";"39.534 ms";"39.534 ms";"39.534 ms";"2"
"org.apache.fop.layoutmgr.AbstractLayoutManager.addChildLMs()";"0.01811745";"39.192 ms";"39.192 ms";"39.192 ms";"39.192 ms";"2"
"org.apache.fop.render.ps.PSRenderer.renderWord()";"0.018079082";"39.109 ms";"39.109 ms";"3794.973 ms";"3794.973 ms";"165"
"org.apache.fop.fo.FOTreeBuilder$MainFOHandler.endElement()";"0.017877068";"38.672 ms";"38.672 ms";"13231.184 ms";"13231.184 ms";"118"
"org.apache.fop.render.AbstractPathOrientedRenderer.renderInlineAreaBackAndBorders()";"0.017697705";"38.284 ms";"38.284 ms";"38.284 ms";"38.284 ms";"2"
"org.apache.fop.fo.FObj$FObjIterator.nextNode()";"0.017504938";"37.867 ms";"37.867 ms";"37.867 ms";"37.867 ms";"2"
"sun.misc.FloatingDecimal.parseDouble()";"0.017501703";"37.86 ms";"37.86 ms";"37.86 ms";"37.86 ms";"2"
"org.apache.fop.layoutmgr.LayoutManagerMapping.makeLayoutManagers()";"0.010762206";"23.281 ms";"23.281 ms";"42.697 ms";"42.697 ms";"3"
"org.apache.fop.layoutmgr.PageBreakingAlgorithm.createNode()";"0.010020718";"21.677 ms";"21.677 ms";"21.677 ms";"21.677 ms";"1"
"org.apache.fop.area.PageViewport.<init>()";"0.009965708";"21.558 ms";"21.558 ms";"62.201 ms";"62.201 ms";"3"
"org.apache.fop.render.AbstractPathOrientedRenderer.handleRegionTraits()";"0.009962934";"21.552 ms";"21.552 ms";"21.552 ms";"21.552 ms";"1"
"org.apache.fop.fo.properties.CommonBorderPaddingBackground.hasBackground()";"0.009870941";"21.353 ms";"21.353 ms";"21.353 ms";"21.353 ms";"1"
"org.apache.fop.render.ps.PSRenderer.rmoveTo()";"0.009865856";"21.342 ms";"21.342 ms";"435.705 ms";"435.705 ms";"20"
"org.apache.fop.fo.XMLWhiteSpaceHandler$EOLchecker.beforeLinefeed()";"0.009735495";"21.06 ms";"21.06 ms";"43.269 ms";"43.269 ms";"2"
"org.apache.fop.fo.properties.CompoundPropertyMaker.get()";"0.009723013";"21.033 ms";"21.033 ms";"1007.905 ms";"1007.905 ms";"58"
"org.apache.fop.layoutmgr.inline.TextLayoutManager.createTextArea()";"0.009707296";"20.999 ms";"20.999 ms";"383.828 ms";"383.828 ms";"19"
"org.apache.fop.area.Page.<init>()";"0.009646738";"20.868 ms";"20.868 ms";"20.868 ms";"20.868 ms";"1"
"org.apache.fop.layoutmgr.MinOptMaxUtil.toMinOptMax()";"0.00963287";"20.838 ms";"20.838 ms";"40.165 ms";"40.165 ms";"2"
"org.apache.fop.fo.pagination.AbstractPageSequence.makeFormattedPageNumber()";"0.009623162";"20.817 ms";"20.817 ms";"73.666 ms";"73.666 ms";"2"
"org.apache.xmlgraphics.ps.PSGenerator.concatMatrix()";"0.009614841";"20.799 ms";"20.799 ms";"177.091 ms";"177.091 ms";"18"
"org.apache.fop.fo.flow.table.TableFObj.getTable()";"0.009499272";"20.549 ms";"20.549 ms";"20.549 ms";"20.549 ms";"2"
"org.apache.fop.fo.FOTreeBuilder$MainFOHandler.characters()";"0.009484017";"20.516 ms";"20.516 ms";"654.314 ms";"654.314 ms";"32"
"java.util.zip.ZipFile.getEntry[native]()";"0.009471999";"20.49 ms";"20.49 ms";"20.49 ms";"20.49 ms";"1"
"java.lang.ClassLoader.findLoadedClass0[native]()";"0.009463677";"20.472 ms";"20.472 ms";"20.472 ms";"20.472 ms";"1"
"org.apache.fop.fo.properties.ColorProperty$Maker.convertProperty()";"0.00945212";"20.447 ms";"20.447 ms";"20.447 ms";"20.447 ms";"1"
"org.apache.fop.fo.flow.table.Table.endOfNode()";"0.009444262";"20.43 ms";"20.43 ms";"20.43 ms";"20.43 ms";"1"
"org.apache.xerces.impl.XMLDTDScannerImpl.setScannerState()";"0.009440564";"20.422 ms";"20.422 ms";"20.422 ms";"20.422 ms";"1"
"org.apache.fop.fo.flow.table.TableFObj.createBorder()";"0.009429932";"20.399 ms";"20.399 ms";"20.399 ms";"20.399 ms";"1"
"org.apache.fop.area.RenderPagesModel.addPage()";"0.009381393";"20.294 ms";"20.294 ms";"6737.638 ms";"6737.638 ms";"221"
"org.apache.fop.layoutmgr.PositionIterator.<init>()";"0.009350883";"20.228 ms";"20.228 ms";"20.228 ms";"20.228 ms";"1"
"org.apache.fop.layoutmgr.BlockStackingLayoutManager.wrapPositionElements()";"0.009318061";"20.157 ms";"20.157 ms";"20.157 ms";"20.157 ms";"2"
"org.apache.fop.fo.pagination.Flow.validateChildNode()";"0.009308353";"20.136 ms";"20.136 ms";"20.136 ms";"20.136 ms";"1"
"org.apache.fop.fo.StaticPropertyList.<init>()";"0.009305118";"20.129 ms";"20.129 ms";"20.129 ms";"20.129 ms";"1"
"sun.misc.URLClassPath.getNextLoader()";"0.009255654";"20.022 ms";"20.022 ms";"20.022 ms";"20.022 ms";"1"
"org.apache.fop.layoutmgr.BlockStackingLayoutManager.getNextKnuthElements()";"0.009227456";"19.961 ms";"19.961 ms";"3214.408 ms";"3214.408 ms";"252"
"org.apache.fop.fonts.Font.hasKerning()";"0.009221909";"19.949 ms";"19.949 ms";"19.949 ms";"19.949 ms";"1"
"org.apache.fop.area.IDTracker.signalIDProcessed()";"0.009213125";"19.93 ms";"19.93 ms";"19.93 ms";"19.93 ms";"1"
"org.apache.fop.fo.flow.table.SeparateBorderResolver.endRow()";"0.0092122005";"19.928 ms";"19.928 ms";"19.928 ms";"19.928 ms";"1"
"org.apache.fop.layoutmgr.AbstractBreaker.getNextBlockList()";"0.0091863135";"19.872 ms";"19.872 ms";"3757.008 ms";"3757.008 ms";"150"
"org.apache.xerces.impl.XMLNSDocumentScannerImpl.scanStartElement()";"0.009142397";"19.777 ms";"19.777 ms";"4421.246 ms";"4421.246 ms";"109"
"org.apache.fop.area.MainReference.createSpan()";"0.00914101";"19.774 ms";"19.774 ms";"19.774 ms";"19.774 ms";"1"
"org.apache.fop.layoutmgr.SpaceResolver$SpaceHandlingBreakPosition.<init>()";"0.009138699";"19.769 ms";"19.769 ms";"19.769 ms";"19.769 ms";"1"
"org.apache.fop.fo.PropertyList.getNearestSpecified()";"0.009122519";"19.734 ms";"19.734 ms";"304.074 ms";"304.074 ms";"15"
"org.apache.fop.layoutmgr.SpaceResolver.performSpaceResolutionRules2to3()";"0.009107265";"19.701 ms";"19.701 ms";"19.701 ms";"19.701 ms";"1"
"org.apache.fop.layoutmgr.BlockLayoutManager.createNextChildLMs()";"0.00910218";"19.69 ms";"19.69 ms";"105.641 ms";"105.641 ms";"6"
"org.apache.fop.fo.FObjMixed.flushText()";"0.009100792";"19.687 ms";"19.687 ms";"100.02 ms";"100.02 ms";"5"
"org.apache.fop.fo.properties.CommonMarginBlock.<init>()";"0.0090980185";"19.681 ms";"19.681 ms";"416.511 ms";"416.511 ms";"21"
"org.apache.fop.area.MainReference.getCurrentSpan()";"0.009078603";"19.639 ms";"19.639 ms";"19.639 ms";"19.639 ms";"1"
"org.apache.fop.fo.properties.LineHeightPropertyMaker.convertProperty()";"0.009076292";"19.634 ms";"19.634 ms";"141.88 ms";"141.88 ms";"7"
"java.io.WinNTFileSystem.canonicalizeWithPrefix0[native]()";"0.009059188";"19.597 ms";"19.597 ms";"19.597 ms";"19.597 ms";"1"
"org.apache.fop.layoutmgr.table.TableStepper.considerRowLastStep()";"0.009058263";"19.595 ms";"19.595 ms";"19.595 ms";"19.595 ms";"1"
"org.apache.fop.layoutmgr.PageProvider.getPage()";"0.009051791";"19.581 ms";"19.581 ms";"155.448 ms";"155.448 ms";"11"
"org.apache.fop.layoutmgr.AbstractBreaker.doLayout()";"0.009000016";"19.469 ms";"19.469 ms";"12370.165 ms";"12370.165 ms";"223"
"org.apache.fop.layoutmgr.list.ListItemContentLayoutManager.getParentArea()";"0.008997243";"19.463 ms";"19.463 ms";"19.463 ms";"19.463 ms";"1"
"org.apache.fop.fonts.base14.Courier.hasChar()";"0.008986611";"19.44 ms";"19.44 ms";"19.44 ms";"19.44 ms";"1"
"org.apache.fop.layoutmgr.AbstractBaseLayoutManager.<init>()";"0.008975516";"19.416 ms";"19.416 ms";"19.416 ms";"19.416 ms";"1"
"org.apache.xerces.parsers.AbstractSAXParser.getProperty()";"0.008963497";"19.39 ms";"19.39 ms";"19.39 ms";"19.39 ms";"1"
"org.apache.fop.fo.FObjMixed.addCharacters()";"0.008956563";"19.375 ms";"19.375 ms";"633.798 ms";"633.798 ms";"31"
"org.apache.fop.fo.flow.AbstractListItemPart.validateChildNode()";"0.008950553";"19.362 ms";"19.362 ms";"19.362 ms";"19.362 ms";"1"
"org.apache.xerces.impl.XMLNSDocumentScannerImpl.scanAttribute()";"0.008938996";"19.337 ms";"19.337 ms";"287.293 ms";"287.293 ms";"13"
"org.apache.fop.fo.properties.Property.isAuto()";"0.008934374";"19.327 ms";"19.327 ms";"19.327 ms";"19.327 ms";"1"
"java.util.HashMap.putVal()";"0.008869193";"19.186 ms";"19.186 ms";"19.186 ms";"19.186 ms";"1"
"org.apache.fop.fonts.base14.Courier.mapChar()";"0.0088590225";"19.164 ms";"19.164 ms";"19.164 ms";"19.164 ms";"1"
"java.lang.Class.getSuperclass[native]()";"0.008828975";"19.099 ms";"19.099 ms";"19.099 ms";"19.099 ms";"1"
"org.apache.xerces.util.URI.initializeScheme()";"0.008805862";"19.049 ms";"19.049 ms";"19.049 ms";"19.049 ms";"1"
"java.util.Arrays.copyOf()";"0.008803088";"19.043 ms";"19.043 ms";"19.043 ms";"19.043 ms";"1"
"org.apache.xmlgraphics.ps.PSGenerator.newLine()";"0.008791069";"19.017 ms";"19.017 ms";"38.817 ms";"38.817 ms";"2"
"org.apache.fop.fo.flow.table.TableCell.setCollapsedBorders()";"0.008774889";"18.982 ms";"18.982 ms";"39.381 ms";"39.381 ms";"2"
"org.apache.xmlgraphics.fonts.Glyphs.charToGlyphName()";"0.008750851";"18.93 ms";"18.93 ms";"18.93 ms";"18.93 ms";"1"
"org.apache.fop.fonts.FontInfo.createFontKey()";"0.008707397";"18.836 ms";"18.836 ms";"18.836 ms";"18.836 ms";"1"
"org.apache.fop.layoutmgr.StaticContentLayoutManager$StaticContentBreaker.observeElementList()";"0.008650538";"18.713 ms";"18.713 ms";"18.713 ms";"18.713 ms";"1"
"org.apache.xerces.impl.io.UTF8Reader.<init>()";"0.008634358";"18.678 ms";"18.678 ms";"18.678 ms";"18.678 ms";"1"
"java.text.DecimalFormat.append()";"0.008612169";"18.63 ms";"18.63 ms";"18.63 ms";"18.63 ms";"1"
"org.apache.fop.fo.flow.table.FixedColRowGroupBuilder.endTableRow()";"0.008611706";"18.629 ms";"18.629 ms";"38.558 ms";"38.558 ms";"2"
"java.util.ArrayList.remove()";"0.008610319";"18.626 ms";"18.626 ms";"18.626 ms";"18.626 ms";"1"
"java.io.BufferedWriter.<init>()";"0.008591829";"18.586 ms";"18.586 ms";"18.586 ms";"18.586 ms";"2"
"org.apache.fop.fonts.base14.Helvetica.hasChar()";"0.008587668";"18.577 ms";"18.577 ms";"18.577 ms";"18.577 ms";"1"
"org.apache.fop.layoutmgr.PositionIterator.next()";"0.008556696";"18.51 ms";"18.51 ms";"18.51 ms";"18.51 ms";"1"
"java.lang.Long.toString()";"0.008361616";"18.088 ms";"18.088 ms";"18.088 ms";"18.088 ms";"2"
"org.apache.fop.fo.RecursiveCharIterator.replaceChar()";"0.008277482";"17.906 ms";"17.906 ms";"17.906 ms";"17.906 ms";"1"
"org.apache.fop.fo.properties.PropertyCache.fetch()";"0.008256217";"17.86 ms";"17.86 ms";"498.669 ms";"498.669 ms";"50"
"org.apache.xerces.impl.XMLDocumentFragmentScannerImpl$FragmentContentDispatcher.dispatch()";"0.008244198";"17.834 ms";"17.834 ms";"18567.281 ms";"18567.281 ms";"96"
"org.apache.xerces.jaxp.SAXParserFactoryImpl.newSAXParser()";"0.007826302";"16.93 ms";"16.93 ms";"81.534 ms";"81.534 ms";"5"
"org.apache.fop.fonts.AbstractCodePointMapping.mapChar()";"0.006714995";"14.526 ms";"14.526 ms";"14.526 ms";"14.526 ms";"1"
"java.util.HashMap.hash()";"0.006662296";"14.412 ms";"14.412 ms";"161.557 ms";"161.557 ms";"7"
"java.util.Hashtable.clone()";"0.0052449633";"11.346 ms";"11.346 ms";"32.717 ms";"32.717 ms";"4"
"org.dacapo.harness.Fop.augmentSystemProperties()";"0.004302848";"9.308 ms";"9.308 ms";"9.308 ms";"9.308 ms";"1"
"java.util.LinkedList.removeLast()";"0.0022739267";"4.919 ms";"4.919 ms";"4.919 ms";"4.919 ms";"1"
"org.apache.commons.cli.CommandLine.getOptionValues()";"0.0018051808";"3.905 ms";"3.905 ms";"3.905 ms";"3.905 ms";"1"
"javax.management.remote.rmi.RMIConnectionImpl.getAttributes()";"0.0017755952";"3.841 ms";"3.841 ms";"3.841 ms";"3.841 ms";"1"
"java.io.File.renameTo()";"0.0015056271";"3.257 ms";"3.257 ms";"49.118 ms";"49.118 ms";"11"
"org.apache.fop.render.AbstractRenderer.renderInlineArea()";"0.0";"0.0 ms";"0.0 ms";"5537.643 ms";"5537.643 ms";"445"
"org.apache.fop.layoutmgr.AbstractBreaker.addAreas()";"0.0";"0.0 ms";"0.0 ms";"7507.177 ms";"7507.177 ms";"386"
"org.apache.fop.render.AbstractRenderer.renderBlock()";"0.0";"0.0 ms";"0.0 ms";"5978.305 ms";"5978.305 ms";"379"
"org.apache.fop.layoutmgr.AbstractPageSequenceLayoutManager.makeNewPage()";"0.0";"0.0 ms";"0.0 ms";"7386.484 ms";"7386.484 ms";"238"
"org.apache.fop.layoutmgr.PageSequenceLayoutManager.finishPage()";"0.0";"0.0 ms";"0.0 ms";"7397.812 ms";"7397.812 ms";"238"
"org.apache.fop.layoutmgr.PageBreaker.handleBreakTrait()";"0.0";"0.0 ms";"0.0 ms";"7386.484 ms";"7386.484 ms";"238"
"org.apache.fop.layoutmgr.inline.ScaledBaselineTableFactory.makeFontScaledBaselineTable()";"0.0";"0.0 ms";"0.0 ms";"2647.762 ms";"2647.762 ms";"234"
"org.apache.fop.render.AbstractRenderer.renderLineArea()";"0.0";"0.0 ms";"0.0 ms";"5537.643 ms";"5537.643 ms";"227"
"org.apache.fop.layoutmgr.AbstractPageSequenceLayoutManager.finishPage()";"0.0";"0.0 ms";"0.0 ms";"6737.638 ms";"6737.638 ms";"221"
"org.apache.fop.render.ps.PSRenderer.renderPage()";"0.0";"0.0 ms";"0.0 ms";"6717.344 ms";"6717.344 ms";"220"
"org.apache.fop.area.RenderPagesModel.checkPreparedPages()";"0.0";"0.0 ms";"0.0 ms";"6717.344 ms";"6717.344 ms";"220"
"org.apache.fop.render.ps.PSRenderer.renderRegionViewport()";"0.0";"0.0 ms";"0.0 ms";"6218.536 ms";"6218.536 ms";"218"
"org.apache.fop.render.AbstractRenderer.renderRegionViewport()";"0.0";"0.0 ms";"0.0 ms";"6118.513 ms";"6118.513 ms";"215"
"org.apache.fop.render.AbstractRenderer.renderPage()";"0.0";"0.0 ms";"0.0 ms";"6218.536 ms";"6218.536 ms";"209"
"org.apache.fop.render.AbstractRenderer.renderPageAreas()";"0.0";"0.0 ms";"0.0 ms";"6218.536 ms";"6218.536 ms";"209"
"org.apache.fop.fo.StaticPropertyList.get()";"0.0";"0.0 ms";"0.0 ms";"2248.396 ms";"2248.396 ms";"204"
"org.apache.fop.render.AbstractRenderer.renderBodyRegion()";"0.0";"0.0 ms";"0.0 ms";"5777.589 ms";"5777.589 ms";"200"
"org.apache.fop.render.AbstractRenderer.renderMainReference()";"0.0";"0.0 ms";"0.0 ms";"5777.589 ms";"5777.589 ms";"200"
"org.apache.fop.render.AbstractRenderer.renderFlow()";"0.0";"0.0 ms";"0.0 ms";"5777.589 ms";"5777.589 ms";"200"
"org.apache.fop.render.AbstractPathOrientedRenderer.renderFlow()";"0.0";"0.0 ms";"0.0 ms";"5777.589 ms";"5777.589 ms";"200"
"org.apache.xerces.parsers.XML11Configuration.parse()";"0.0";"0.0 ms";"0.0 ms";"18686.072 ms";"18686.072 ms";"192"
"org.apache.fop.layoutmgr.PageBreaker.doPhase3()";"0.0";"0.0 ms";"0.0 ms";"7489.363 ms";"7489.363 ms";"189"
"org.apache.fop.render.AbstractRenderer.renderText()";"0.0";"0.0 ms";"0.0 ms";"4492.926 ms";"4492.926 ms";"186"
"org.apache.fop.layoutmgr.PageBreaker.startPart()";"0.0";"0.0 ms";"0.0 ms";"6124.314 ms";"6124.314 ms";"183"
"java.io.FileOutputStream.<init>()";"0.0";"0.0 ms";"0.0 ms";"1248.185 ms";"1248.185 ms";"174"
"sun.misc.FloatingDecimal.getBinaryToASCIIConverter()";"0.0";"0.0 ms";"0.0 ms";"1850.173 ms";"1850.173 ms";"164"
"org.apache.fop.layoutmgr.PageBreaker.getNextBlockList()";"0.0";"0.0 ms";"0.0 ms";"4662.168 ms";"4662.168 ms";"161"
"java.text.NumberFormat.format()";"0.0";"0.0 ms";"0.0 ms";"3423.688 ms";"3423.688 ms";"152"
"org.apache.fop.layoutmgr.BlockLayoutManager.getNextKnuthElements()";"0.0";"0.0 ms";"0.0 ms";"3214.408 ms";"3214.408 ms";"151"
"org.apache.xmlgraphics.ps.PSGenerator.formatDouble()";"0.0";"0.0 ms";"0.0 ms";"3325.791 ms";"3325.791 ms";"147"
"org.apache.fop.layoutmgr.inline.LineLayoutManager.getNextKnuthElements()";"0.0";"0.0 ms";"0.0 ms";"3048.638 ms";"3048.638 ms";"143"
"java.lang.reflect.Method.invoke()";"0.0";"0.0 ms";"0.0 ms";"48381.847 ms";"48381.847 ms";"142"
"sun.reflect.DelegatingMethodAccessorImpl.invoke()";"0.0";"0.0 ms";"0.0 ms";"48381.847 ms";"48381.847 ms";"142"
"org.apache.commons.logging.LogFactory.getFactory()";"0.0";"0.0 ms";"0.0 ms";"2829.975 ms";"2829.975 ms";"136"
"org.apache.commons.logging.LogFactory.getLog()";"0.0";"0.0 ms";"0.0 ms";"2829.975 ms";"2829.975 ms";"136"
"org.apache.fop.layoutmgr.inline.BasicScaledBaselineTable.<init>()";"0.0";"0.0 ms";"0.0 ms";"2810.044 ms";"2810.044 ms";"135"
"org.apache.fop.layoutmgr.PageBreaker.getNextKnuthElements()";"0.0";"0.0 ms";"0.0 ms";"3336.309 ms";"3336.309 ms";"130"
"org.apache.fop.layoutmgr.FlowLayoutManager.getNextKnuthElements()";"0.0";"0.0 ms";"0.0 ms";"3336.309 ms";"3336.309 ms";"130"
"org.apache.fop.layoutmgr.inline.AlignmentContext.<init>()";"0.0";"0.0 ms";"0.0 ms";"2647.762 ms";"2647.762 ms";"127"
"org.apache.xerces.impl.XMLNSDocumentScannerImpl.scanEndElement()";"0.0";"0.0 ms";"0.0 ms";"13312.351 ms";"13312.351 ms";"119"
"org.apache.xerces.xinclude.XIncludeHandler.endElement()";"0.0";"0.0 ms";"0.0 ms";"13231.184 ms";"13231.184 ms";"118"
"org.apache.fop.fo.FOTreeBuilder.endElement()";"0.0";"0.0 ms";"0.0 ms";"13231.184 ms";"13231.184 ms";"118"
"org.apache.xalan.transformer.TransformerIdentityImpl.endElement()";"0.0";"0.0 ms";"0.0 ms";"13231.184 ms";"13231.184 ms";"118"
"org.apache.xerces.parsers.AbstractSAXParser.endElement()";"0.0";"0.0 ms";"0.0 ms";"13231.184 ms";"13231.184 ms";"118"
"org.apache.xerces.parsers.AbstractSAXParser.startElement()";"0.0";"0.0 ms";"0.0 ms";"3870.701 ms";"3870.701 ms";"108"
"org.apache.fop.fo.FOTreeBuilder.startElement()";"0.0";"0.0 ms";"0.0 ms";"3870.701 ms";"3870.701 ms";"108"
"org.apache.xalan.transformer.TransformerIdentityImpl.startElement()";"0.0";"0.0 ms";"0.0 ms";"3870.701 ms";"3870.701 ms";"108"
"org.dacapo.harness.Callback.start()";"0.0";"0.0 ms";"0.0 ms";"276.995 ms";"276.995 ms";"104"
"java.io.BufferedOutputStream.flushBuffer()";"0.0";"0.0 ms";"0.0 ms";"1229.189 ms";"1229.189 ms";"97"
"java.io.FileOutputStream.write()";"0.0";"0.0 ms";"0.0 ms";"1229.189 ms";"1229.189 ms";"97"
"org.apache.xerces.parsers.XMLParser.parse()";"0.0";"0.0 ms";"0.0 ms";"18686.072 ms";"18686.072 ms";"96"
"org.apache.xerces.parsers.AbstractSAXParser.parse()";"0.0";"0.0 ms";"0.0 ms";"18686.072 ms";"18686.072 ms";"96"
"org.apache.xerces.jaxp.SAXParserImpl$JAXPSAXParser.parse()";"0.0";"0.0 ms";"0.0 ms";"18686.072 ms";"18686.072 ms";"96"
"org.apache.xalan.transformer.TransformerIdentityImpl.transform()";"0.0";"0.0 ms";"0.0 ms";"18705.462 ms";"18705.462 ms";"96"
"org.apache.fop.cli.InputHandler.transformTo()";"0.0";"0.0 ms";"0.0 ms";"18802.255 ms";"18802.255 ms";"96"
"org.apache.fop.cli.InputHandler.renderTo()";"0.0";"0.0 ms";"0.0 ms";"18822.186 ms";"18822.186 ms";"96"
"org.apache.fop.layoutmgr.PageSequenceLayoutManager.activateLayout()";"0.0";"0.0 ms";"0.0 ms";"12467.699 ms";"12467.699 ms";"96"
"org.apache.fop.area.AreaTreeHandler.endPageSequence()";"0.0";"0.0 ms";"0.0 ms";"12467.699 ms";"12467.699 ms";"96"
"org.apache.fop.fo.pagination.PageSequence.endOfNode()";"0.0";"0.0 ms";"0.0 ms";"12467.699 ms";"12467.699 ms";"96"
"org.apache.xerces.impl.XMLDocumentFragmentScannerImpl.scanDocument()";"0.0";"0.0 ms";"0.0 ms";"18624.118 ms";"18624.118 ms";"96"
"org.apache.fop.cli.Main.startFOP()";"0.0";"0.0 ms";"0.0 ms";"22122.753 ms";"22122.753 ms";"95"
"sun.reflect.GeneratedMethodAccessor31.invoke()";"0.0";"0.0 ms";"0.0 ms";"22122.753 ms";"22122.753 ms";"95"
"org.dacapo.harness.Fop.iterate()";"0.0";"0.0 ms";"0.0 ms";"22122.753 ms";"22122.753 ms";"95"
"java.io.PrintStream.write()";"0.0";"0.0 ms";"0.0 ms";"347.534 ms";"347.534 ms";"95"
"org.apache.fop.fo.FObj.processNode()";"0.0";"0.0 ms";"0.0 ms";"2638.576 ms";"2638.576 ms";"91"
"java.io.FileOutputStream.open()";"0.0";"0.0 ms";"0.0 ms";"1248.185 ms";"1248.185 ms";"87"
"org.dacapo.harness.Benchmark.startIteration()";"0.0";"0.0 ms";"0.0 ms";"1185.258 ms";"1185.258 ms";"82"
"org.dacapo.harness.TeePrintStream.openLog()";"0.0";"0.0 ms";"0.0 ms";"1077.958 ms";"1077.958 ms";"78"
"org.dacapo.harness.TeeOutputStream.newLog()";"0.0";"0.0 ms";"0.0 ms";"1077.958 ms";"1077.958 ms";"78"
"org.dacapo.harness.TeeOutputStream.openLog()";"0.0";"0.0 ms";"0.0 ms";"1077.958 ms";"1077.958 ms";"78"
"org.apache.fop.fo.flow.Block.bind()";"0.0";"0.0 ms";"0.0 ms";"1612.84 ms";"1612.84 ms";"71"
"org.apache.xmlgraphics.ps.PSGenerator.writeln()";"0.0";"0.0 ms";"0.0 ms";"1401.021 ms";"1401.021 ms";"69"
"org.apache.fop.fo.properties.CompoundPropertyMaker.make()";"0.0";"0.0 ms";"0.0 ms";"905.221 ms";"905.221 ms";"64"
"java.io.FileOutputStream.access$000()";"0.0";"0.0 ms";"0.0 ms";"2694.644 ms";"2694.644 ms";"61"
"java.io.FileOutputStream.close()";"0.0";"0.0 ms";"0.0 ms";"2694.644 ms";"2694.644 ms";"61"
"java.io.FilterOutputStream.close()";"0.0";"0.0 ms";"0.0 ms";"2694.644 ms";"2694.644 ms";"61"
"org.apache.commons.io.IOUtils.closeQuietly()";"0.0";"0.0 ms";"0.0 ms";"2694.644 ms";"2694.644 ms";"61"
"java.io.FileDescriptor.closeAll()";"0.0";"0.0 ms";"0.0 ms";"2694.644 ms";"2694.644 ms";"61"
"java.io.FileOutputStream$1.close()";"0.0";"0.0 ms";"0.0 ms";"2694.644 ms";"2694.644 ms";"61"
"org.apache.fop.layoutmgr.BlockLayoutManager.addAreas()";"0.0";"0.0 ms";"0.0 ms";"1209.791 ms";"1209.791 ms";"60"
"org.apache.fop.layoutmgr.inline.LineLayoutManager.addAreas()";"0.0";"0.0 ms";"0.0 ms";"1108.568 ms";"1108.568 ms";"55"
"sun.nio.cs.StreamEncoder.implFlushBuffer()";"0.0";"0.0 ms";"0.0 ms";"347.534 ms";"347.534 ms";"54"
"sun.nio.cs.StreamEncoder.flushBuffer()";"0.0";"0.0 ms";"0.0 ms";"347.534 ms";"347.534 ms";"54"
"java.io.OutputStreamWriter.flushBuffer()";"0.0";"0.0 ms";"0.0 ms";"347.534 ms";"347.534 ms";"54"
"org.apache.fop.layoutmgr.PageBreaker.addAreas()";"0.0";"0.0 ms";"0.0 ms";"1261.938 ms";"1261.938 ms";"54"
"java.io.BufferedOutputStream.flush()";"0.0";"0.0 ms";"0.0 ms";"347.534 ms";"347.534 ms";"54"
"sun.nio.cs.StreamEncoder.writeBytes()";"0.0";"0.0 ms";"0.0 ms";"347.534 ms";"347.534 ms";"54"
"org.apache.fop.layoutmgr.FlowLayoutManager.addAreas()";"0.0";"0.0 ms";"0.0 ms";"1261.938 ms";"1261.938 ms";"54"
"java.io.PrintStream.println()";"0.0";"0.0 ms";"0.0 ms";"276.995 ms";"276.995 ms";"52"
"org.apache.fop.render.ps.PSRenderer.writeln()";"0.0";"0.0 ms";"0.0 ms";"1023.382 ms";"1023.382 ms";"51"
"org.apache.fop.layoutmgr.list.ListBlockLayoutManager.getNextKnuthElements()";"0.0";"0.0 ms";"0.0 ms";"1077.019 ms";"1077.019 ms";"50"
"org.apache.fop.layoutmgr.list.ListItemLayoutManager.getNextKnuthElements()";"0.0";"0.0 ms";"0.0 ms";"1077.019 ms";"1077.019 ms";"50"
"org.apache.fop.fo.ElementMappingRegistry.addElementMapping()";"0.0";"0.0 ms";"0.0 ms";"415.882 ms";"415.882 ms";"48"
"java.io.BufferedOutputStream.write()";"0.0";"0.0 ms";"0.0 ms";"881.655 ms";"881.655 ms";"43"
"java.io.FilterOutputStream.write()";"0.0";"0.0 ms";"0.0 ms";"861.855 ms";"861.855 ms";"42"
"java.io.PrintStream.print()";"0.0";"0.0 ms";"0.0 ms";"266.402 ms";"266.402 ms";"41"
"org.apache.fop.render.AbstractPathOrientedRenderer.renderReferenceArea()";"0.0";"0.0 ms";"0.0 ms";"785.429 ms";"785.429 ms";"36"
"org.apache.fop.layoutmgr.inline.TextLayoutManager.addAreas()";"0.0";"0.0 ms";"0.0 ms";"711.897 ms";"711.897 ms";"35"
"org.apache.fop.render.AbstractRenderer.renderInlineParent()";"0.0";"0.0 ms";"0.0 ms";"613.883 ms";"613.883 ms";"34"
"org.apache.fop.render.ps.PSRenderer.renderInlineParent()";"0.0";"0.0 ms";"0.0 ms";"613.883 ms";"613.883 ms";"34"
"org.apache.fop.render.ps.PSRenderer.renderSpace()";"0.0";"0.0 ms";"0.0 ms";"697.952 ms";"697.952 ms";"33"
"java.io.FilePermission$1.run()";"0.0";"0.0 ms";"0.0 ms";"275.664 ms";"275.664 ms";"32"
"sun.rmi.transport.Transport$1.run()";"0.0";"0.0 ms";"0.0 ms";"24231.534 ms";"24231.534 ms";"32"
"org.apache.fop.fo.FOTreeBuilder.characters()";"0.0";"0.0 ms";"0.0 ms";"654.314 ms";"654.314 ms";"32"
"java.net.SocketInputStream.read()";"0.0";"0.0 ms";"0.0 ms";"46956.271 ms";"46956.271 ms";"32"
"org.apache.xerces.parsers.AbstractSAXParser.characters()";"0.0";"0.0 ms";"0.0 ms";"654.314 ms";"654.314 ms";"32"
"org.apache.xalan.transformer.TransformerIdentityImpl.characters()";"0.0";"0.0 ms";"0.0 ms";"654.314 ms";"654.314 ms";"32"
"org.apache.xerces.xinclude.XIncludeHandler.characters()";"0.0";"0.0 ms";"0.0 ms";"654.314 ms";"654.314 ms";"32"
"org.apache.fop.fo.FObjMixed.endOfNode()";"0.0";"0.0 ms";"0.0 ms";"663.654 ms";"663.654 ms";"31"
"org.apache.fop.layoutmgr.PageSequenceLayoutManager.layoutSideRegion()";"0.0";"0.0 ms";"0.0 ms";"660.174 ms";"660.174 ms";"31"
"org.apache.fop.layoutmgr.StaticContentLayoutManager.doLayout()";"0.0";"0.0 ms";"0.0 ms";"660.174 ms";"660.174 ms";"31"
"com.sun.jmx.mbeanserver.ConvertingMethod.invokeWithOpenReturn()";"0.0";"0.0 ms";"0.0 ms";"24189.002 ms";"24189.002 ms";"30"
"com.sun.jmx.mbeanserver.MXBeanIntrospector.invokeM2()";"0.0";"0.0 ms";"0.0 ms";"24189.002 ms";"24189.002 ms";"30"
"org.apache.fop.apps.FopFactory.newInstance()";"0.0";"0.0 ms";"0.0 ms";"435.694 ms";"435.694 ms";"25"
"org.apache.fop.apps.FopFactory.<init>()";"0.0";"0.0 ms";"0.0 ms";"435.694 ms";"435.694 ms";"25"
"org.apache.fop.cli.CommandLineOptions.<init>()";"0.0";"0.0 ms";"0.0 ms";"435.694 ms";"435.694 ms";"25"
"org.apache.fop.layoutmgr.inline.LineLayoutManager.collectInlineKnuthElements()";"0.0";"0.0 ms";"0.0 ms";"489.417 ms";"489.417 ms";"25"
"org.apache.fop.fo.FOText.bind()";"0.0";"0.0 ms";"0.0 ms";"493.382 ms";"493.382 ms";"24"
"org.apache.fop.fo.properties.LineHeightPropertyMaker.make()";"0.0";"0.0 ms";"0.0 ms";"482.84 ms";"482.84 ms";"24"
"org.apache.fop.layoutmgr.table.TableLayoutManager.getNextKnuthElements()";"0.0";"0.0 ms";"0.0 ms";"595.392 ms";"595.392 ms";"24"
"org.apache.fop.fo.ElementMappingRegistry.setupDefaultMappings()";"0.0";"0.0 ms";"0.0 ms";"415.882 ms";"415.882 ms";"24"
"org.apache.fop.fo.flow.Block.endOfNode()";"0.0";"0.0 ms";"0.0 ms";"500.889 ms";"500.889 ms";"24"
"org.dacapo.harness.Benchmark.postIterationCleanup()";"0.0";"0.0 ms";"0.0 ms";"493.164 ms";"493.164 ms";"24"
"org.dacapo.harness.Benchmark.postIteration()";"0.0";"0.0 ms";"0.0 ms";"493.164 ms";"493.164 ms";"24"
"org.apache.fop.fo.ElementMappingRegistry.<init>()";"0.0";"0.0 ms";"0.0 ms";"415.882 ms";"415.882 ms";"24"
"org.dacapo.harness.Benchmark.deleteFile()";"0.0";"0.0 ms";"0.0 ms";"493.164 ms";"493.164 ms";"24"
"org.apache.fop.fo.PropertyList.convertAttributeToProperty()";"0.0";"0.0 ms";"0.0 ms";"461.161 ms";"461.161 ms";"23"
"org.apache.fop.fo.ElementMapping.getTable()";"0.0";"0.0 ms";"0.0 ms";"396.612 ms";"396.612 ms";"23"
"org.apache.xerces.impl.XMLEntityManager$RewindableInputStream.read()";"0.0";"0.0 ms";"0.0 ms";"426.258 ms";"426.258 ms";"23"
"java.net.URLClassLoader.getResourceAsStream()";"0.0";"0.0 ms";"0.0 ms";"394.564 ms";"394.564 ms";"22"
"org.apache.fop.fo.PropertyList.getMarginBlockProps()";"0.0";"0.0 ms";"0.0 ms";"416.511 ms";"416.511 ms";"21"
"org.apache.xerces.impl.XMLEntityScanner.load()";"0.0";"0.0 ms";"0.0 ms";"426.258 ms";"426.258 ms";"21"
"org.apache.xerces.impl.io.UTF8Reader.read()";"0.0";"0.0 ms";"0.0 ms";"426.258 ms";"426.258 ms";"21"
"java.io.FileInputStream.read()";"0.0";"0.0 ms";"0.0 ms";"426.258 ms";"426.258 ms";"21"
"java.io.WinNTFileSystem.delete()";"0.0";"0.0 ms";"0.0 ms";"429.155 ms";"429.155 ms";"20"
"java.io.File.delete()";"0.0";"0.0 ms";"0.0 ms";"429.155 ms";"429.155 ms";"20"
"javax.xml.parsers.FactoryFinder.find()";"0.0";"0.0 ms";"0.0 ms";"333.675 ms";"333.675 ms";"19"
"javax.xml.parsers.SAXParserFactory.newInstance()";"0.0";"0.0 ms";"0.0 ms";"333.675 ms";"333.675 ms";"19"
"org.apache.fop.fo.properties.LineHeightPropertyMaker.compute()";"0.0";"0.0 ms";"0.0 ms";"404.669 ms";"404.669 ms";"19"
"javax.xml.parsers.FactoryFinder.findJarServiceProvider()";"0.0";"0.0 ms";"0.0 ms";"333.675 ms";"333.675 ms";"19"
"org.apache.fop.fo.extensions.svg.SVGElementMapping.initialize()";"0.0";"0.0 ms";"0.0 ms";"313.225 ms";"313.225 ms";"18"
"org.apache.fop.layoutmgr.inline.InlineLayoutManager.getNextKnuthElements()";"0.0";"0.0 ms";"0.0 ms";"328.681 ms";"328.681 ms";"18"
"org.apache.fop.fo.extensions.svg.SVGElementMapping.getAParserClassName()";"0.0";"0.0 ms";"0.0 ms";"313.225 ms";"313.225 ms";"18"
"javax.xml.parsers.SecuritySupport.getResourceAsStream()";"0.0";"0.0 ms";"0.0 ms";"313.202 ms";"313.202 ms";"18"
"javax.xml.parsers.SecuritySupport$4.run()";"0.0";"0.0 ms";"0.0 ms";"313.202 ms";"313.202 ms";"18"
"org.apache.fop.layoutmgr.table.RowGroupLayoutManager.getNextKnuthElements()";"0.0";"0.0 ms";"0.0 ms";"421.319 ms";"421.319 ms";"17"
"org.apache.fop.layoutmgr.table.TableContentLayoutManager.getKnuthElementsForRowIterator()";"0.0";"0.0 ms";"0.0 ms";"421.319 ms";"421.319 ms";"17"
"org.apache.fop.layoutmgr.table.TableContentLayoutManager.getNextKnuthElements()";"0.0";"0.0 ms";"0.0 ms";"421.319 ms";"421.319 ms";"17"
"java.io.FilePermission.init()";"0.0";"0.0 ms";"0.0 ms";"294.262 ms";"294.262 ms";"17"
"java.io.FilePermission.<init>()";"0.0";"0.0 ms";"0.0 ms";"294.262 ms";"294.262 ms";"17"
"sun.net.www.protocol.file.FileURLConnection.getPermission()";"0.0";"0.0 ms";"0.0 ms";"294.262 ms";"294.262 ms";"17"
"sun.net.www.protocol.jar.JarFileFactory.getPermission()";"0.0";"0.0 ms";"0.0 ms";"294.262 ms";"294.262 ms";"17"
"sun.net.www.protocol.jar.JarFileFactory.getCachedJarFile()";"0.0";"0.0 ms";"0.0 ms";"294.262 ms";"294.262 ms";"17"
"sun.net.www.protocol.jar.JarFileFactory.get()";"0.0";"0.0 ms";"0.0 ms";"294.262 ms";"294.262 ms";"17"
"sun.net.www.protocol.jar.JarURLConnection.connect()";"0.0";"0.0 ms";"0.0 ms";"294.262 ms";"294.262 ms";"17"
"sun.net.www.protocol.jar.JarURLConnection.getInputStream()";"0.0";"0.0 ms";"0.0 ms";"294.262 ms";"294.262 ms";"17"
"org.apache.fop.layoutmgr.StaticContentLayoutManager$StaticContentBreaker.getNextKnuthElements()";"0.0";"0.0 ms";"0.0 ms";"356.778 ms";"356.778 ms";"17"
"org.apache.fop.layoutmgr.list.ListBlockLayoutManager.addAreas()";"0.0";"0.0 ms";"0.0 ms";"346.166 ms";"346.166 ms";"17"
"org.apache.fop.layoutmgr.list.ListItemLayoutManager.addAreas()";"0.0";"0.0 ms";"0.0 ms";"346.166 ms";"346.166 ms";"17"
"org.apache.fop.layoutmgr.table.TableCellLayoutManager.getNextKnuthElements()";"0.0";"0.0 ms";"0.0 ms";"401.723 ms";"401.723 ms";"17"
"org.apache.fop.layoutmgr.table.RowGroupLayoutManager.createElementsForRowGroup()";"0.0";"0.0 ms";"0.0 ms";"421.319 ms";"421.319 ms";"17"
"java.net.SocketInputStream.socketRead()";"0.0";"0.0 ms";"0.0 ms";"46956.271 ms";"46956.271 ms";"16"
"java.io.BufferedInputStream.fill()";"0.0";"0.0 ms";"0.0 ms";"46956.271 ms";"46956.271 ms";"16"
"java.io.BufferedInputStream.read()";"0.0";"0.0 ms";"0.0 ms";"46956.271 ms";"46956.271 ms";"16"
"java.io.FilterInputStream.read()";"0.0";"0.0 ms";"0.0 ms";"46956.271 ms";"46956.271 ms";"16"
"org.apache.fop.fo.PropertyList.getBorderPaddingBackgroundProps()";"0.0";"0.0 ms";"0.0 ms";"336.355 ms";"336.355 ms";"16"
"org.apache.fop.layoutmgr.inline.AlignmentContext.getTotalAlignmentBaselineOffset()";"0.0";"0.0 ms";"0.0 ms";"162.282 ms";"162.282 ms";"16"
"java.io.File.getCanonicalPath()";"0.0";"0.0 ms";"0.0 ms";"275.664 ms";"275.664 ms";"16"
"java.io.WinNTFileSystem.canonicalize()";"0.0";"0.0 ms";"0.0 ms";"275.664 ms";"275.664 ms";"16"
"sun.management.ThreadImpl.dumpAllThreads()";"0.0";"0.0 ms";"0.0 ms";"24189.002 ms";"24189.002 ms";"16"
"sun.rmi.server.UnicastServerRef.dispatch()";"0.0";"0.0 ms";"0.0 ms";"24231.534 ms";"24231.534 ms";"16"
"sun.rmi.transport.Transport.serviceCall()";"0.0";"0.0 ms";"0.0 ms";"24231.534 ms";"24231.534 ms";"16"
"sun.reflect.GeneratedMethodAccessor2.invoke()";"0.0";"0.0 ms";"0.0 ms";"24189.002 ms";"24189.002 ms";"15"
"org.apache.fop.layoutmgr.inline.LineLayoutManager.findOptimalBreakingPoints()";"0.0";"0.0 ms";"0.0 ms";"282.994 ms";"282.994 ms";"15"
"org.apache.fop.layoutmgr.inline.LineLayoutManager$LineBreakingAlgorithm.findBreakingPoints()";"0.0";"0.0 ms";"0.0 ms";"282.994 ms";"282.994 ms";"15"
"javax.management.remote.rmi.RMIConnectionImpl.access$300()";"0.0";"0.0 ms";"0.0 ms";"24189.002 ms";"24189.002 ms";"15"
"sun.reflect.GeneratedMethodAccessor34.invoke()";"0.0";"0.0 ms";"0.0 ms";"24189.002 ms";"24189.002 ms";"15"
"com.sun.jmx.mbeanserver.JmxMBeanServer.invoke()";"0.0";"0.0 ms";"0.0 ms";"24189.002 ms";"24189.002 ms";"15"
"sun.reflect.misc.MethodUtil.invoke()";"0.0";"0.0 ms";"0.0 ms";"24189.002 ms";"24189.002 ms";"15"
"sun.reflect.GeneratedMethodAccessor35.invoke()";"0.0";"0.0 ms";"0.0 ms";"23897.313 ms";"23897.313 ms";"15"
"org.apache.fop.layoutmgr.list.ListItemContentLayoutManager.addAreas()";"0.0";"0.0 ms";"0.0 ms";"305.626 ms";"305.626 ms";"15"
"javax.management.remote.rmi.RMIConnectionImpl.doPrivilegedOperation()";"0.0";"0.0 ms";"0.0 ms";"24189.002 ms";"24189.002 ms";"15"
"javax.management.StandardMBean.invoke()";"0.0";"0.0 ms";"0.0 ms";"24189.002 ms";"24189.002 ms";"15"
"javax.management.remote.rmi.RMIConnectionImpl.invoke()";"0.0";"0.0 ms";"0.0 ms";"24189.002 ms";"24189.002 ms";"15"
"javax.management.remote.rmi.RMIConnectionImpl$PrivilegedOperation.run()";"0.0";"0.0 ms";"0.0 ms";"24189.002 ms";"24189.002 ms";"15"
"sun.reflect.misc.Trampoline.invoke()";"0.0";"0.0 ms";"0.0 ms";"24189.002 ms";"24189.002 ms";"15"
"javax.management.remote.rmi.RMIConnectionImpl.doOperation()";"0.0";"0.0 ms";"0.0 ms";"24189.002 ms";"24189.002 ms";"15"
"org.apache.fop.layoutmgr.inline.LineLayoutManager.createLineBreaks()";"0.0";"0.0 ms";"0.0 ms";"282.994 ms";"282.994 ms";"15"
"com.sun.jmx.mbeanserver.MBeanSupport.invoke()";"0.0";"0.0 ms";"0.0 ms";"24189.002 ms";"24189.002 ms";"15"
"com.sun.jmx.mbeanserver.PerInterface.invoke()";"0.0";"0.0 ms";"0.0 ms";"24189.002 ms";"24189.002 ms";"15"
"com.sun.jmx.mbeanserver.MBeanIntrospector.invokeM()";"0.0";"0.0 ms";"0.0 ms";"24189.002 ms";"24189.002 ms";"15"
"com.sun.jmx.interceptor.DefaultMBeanServerInterceptor.invoke()";"0.0";"0.0 ms";"0.0 ms";"24189.002 ms";"24189.002 ms";"15"
"org.apache.fop.render.ps.PSRenderer.drawBackAndBorders()";"0.0";"0.0 ms";"0.0 ms";"275.138 ms";"275.138 ms";"14"
"org.apache.fop.render.AbstractPathOrientedRenderer.handleBlockTraits()";"0.0";"0.0 ms";"0.0 ms";"275.138 ms";"275.138 ms";"14"
"org.apache.fop.fo.PropertyList.makeProperty()";"0.0";"0.0 ms";"0.0 ms";"284.34 ms";"284.34 ms";"14"
"org.apache.fop.fo.FONode.inMarker()";"0.0";"0.0 ms";"0.0 ms";"282.645 ms";"282.645 ms";"14"
"org.apache.fop.render.ps.PSRenderer.writeHeader()";"0.0";"0.0 ms";"0.0 ms";"260.569 ms";"260.569 ms";"13"
"java.io.PrintStream.newLine()";"0.0";"0.0 ms";"0.0 ms";"81.132 ms";"81.132 ms";"13"
"java.lang.ClassLoader.getResource()";"0.0";"0.0 ms";"0.0 ms";"100.302 ms";"100.302 ms";"12"
"org.apache.fop.layoutmgr.AbstractLayoutManager.getChildLM()";"0.0";"0.0 ms";"0.0 ms";"248.149 ms";"248.149 ms";"12"
"org.apache.fop.fo.properties.CommonFont.getInstance()";"0.0";"0.0 ms";"0.0 ms";"234.069 ms";"234.069 ms";"12"
"org.apache.fop.fo.PropertyList.getFontProps()";"0.0";"0.0 ms";"0.0 ms";"234.069 ms";"234.069 ms";"12"
"org.apache.xerces.parsers.SAXParser.<init>()";"0.0";"0.0 ms";"0.0 ms";"104.612 ms";"104.612 ms";"12"
"org.apache.xerces.parsers.ObjectFactory.createObject()";"0.0";"0.0 ms";"0.0 ms";"104.612 ms";"104.612 ms";"12"
"org.apache.fop.fo.flow.Inline.bind()";"0.0";"0.0 ms";"0.0 ms";"236.752 ms";"236.752 ms";"12"
"org.apache.fop.fo.flow.InlineLevel.bind()";"0.0";"0.0 ms";"0.0 ms";"236.752 ms";"236.752 ms";"12"
"org.apache.fop.render.AbstractPathOrientedRenderer.drawBackAndBorders()";"0.0";"0.0 ms";"0.0 ms";"235.933 ms";"235.933 ms";"12"
"org.apache.fop.fo.properties.EnumProperty.getInstance()";"0.0";"0.0 ms";"0.0 ms";"221.817 ms";"221.817 ms";"11"
"org.apache.fop.fo.properties.CommonBorderPaddingBackground.initBorderInfo()";"0.0";"0.0 ms";"0.0 ms";"218.96 ms";"218.96 ms";"11"
"org.apache.fop.fo.expr.PropertyParser.parse()";"0.0";"0.0 ms";"0.0 ms";"216.926 ms";"216.926 ms";"11"
"org.dacapo.harness.TeeOutputStream.version()";"0.0";"0.0 ms";"0.0 ms";"49.118 ms";"49.118 ms";"11"
"org.apache.fop.render.AbstractRenderer.renderRegion()";"0.0";"0.0 ms";"0.0 ms";"221.984 ms";"221.984 ms";"11"
"org.dacapo.harness.TeePrintStream.version()";"0.0";"0.0 ms";"0.0 ms";"49.118 ms";"49.118 ms";"11"
"org.apache.fop.render.ps.PSFontUtils.reencodeFonts()";"0.0";"0.0 ms";"0.0 ms";"199.835 ms";"199.835 ms";"10"
"org.apache.fop.fo.properties.CommonHyphenation.getInstance()";"0.0";"0.0 ms";"0.0 ms";"191.059 ms";"191.059 ms";"10"
"org.apache.commons.logging.LogFactory$1.run()";"0.0";"0.0 ms";"0.0 ms";"199.477 ms";"199.477 ms";"10"
"org.apache.fop.fo.PropertyList.getHyphenationProps()";"0.0";"0.0 ms";"0.0 ms";"191.059 ms";"191.059 ms";"10"
"java.lang.Class.getMethod()";"0.0";"0.0 ms";"0.0 ms";"199.477 ms";"199.477 ms";"10"
"java.lang.Class.getMethod0()";"0.0";"0.0 ms";"0.0 ms";"199.477 ms";"199.477 ms";"10"
"java.lang.Class.privateGetMethodRecursive()";"0.0";"0.0 ms";"0.0 ms";"199.477 ms";"199.477 ms";"10"
"java.lang.Class.searchMethods()";"0.0";"0.0 ms";"0.0 ms";"199.477 ms";"199.477 ms";"10"
"java.io.WinNTFileSystem.rename()";"0.0";"0.0 ms";"0.0 ms";"45.861 ms";"45.861 ms";"10"
"org.apache.fop.fonts.Font.getCharWidth()";"0.0";"0.0 ms";"0.0 ms";"199.828 ms";"199.828 ms";"10"
"org.apache.commons.logging.LogFactory.getContextClassLoader()";"0.0";"0.0 ms";"0.0 ms";"199.477 ms";"199.477 ms";"10"
"org.apache.fop.fo.properties.IndentPropertyMaker.computeConforming()";"0.0";"0.0 ms";"0.0 ms";"157.715 ms";"157.715 ms";"8"
"org.apache.fop.fo.properties.IndentPropertyMaker.getCorresponding()";"0.0";"0.0 ms";"0.0 ms";"157.715 ms";"157.715 ms";"8"
"org.apache.fop.layoutmgr.inline.AlignmentContext.getTotalBaselineOffset()";"0.0";"0.0 ms";"0.0 ms";"162.282 ms";"162.282 ms";"8"
"org.apache.fop.layoutmgr.inline.AlignmentContext.getBaselineOffset()";"0.0";"0.0 ms";"0.0 ms";"162.282 ms";"162.282 ms";"8"
"org.apache.xmlgraphics.ps.PSGenerator.useFont()";"0.0";"0.0 ms";"0.0 ms";"163.213 ms";"163.213 ms";"8"
"org.apache.xerces.impl.XMLDocumentFragmentScannerImpl.scanCharReference()";"0.0";"0.0 ms";"0.0 ms";"156.56 ms";"156.56 ms";"8"
"org.apache.xerces.jaxp.SAXParserImpl.<init>()";"0.0";"0.0 ms";"0.0 ms";"104.612 ms";"104.612 ms";"8"
"org.apache.fop.layoutmgr.inline.BasicScaledBaselineTable.deriveScaledBaselineTable()";"0.0";"0.0 ms";"0.0 ms";"162.282 ms";"162.282 ms";"8"
"org.apache.fop.fo.flow.Inline.endOfNode()";"0.0";"0.0 ms";"0.0 ms";"184.655 ms";"184.655 ms";"8"
"java.io.File.exists()";"0.0";"0.0 ms";"0.0 ms";"110.438 ms";"110.438 ms";"8"
"org.apache.fop.layoutmgr.PageBreakingAlgorithm.considerLegalBreak()";"0.0";"0.0 ms";"0.0 ms";"168.97 ms";"168.97 ms";"8"
"org.apache.fop.fo.properties.KeepProperty$Maker.convertProperty()";"0.0";"0.0 ms";"0.0 ms";"166.798 ms";"166.798 ms";"8"
"org.apache.fop.fo.properties.IndentPropertyMaker.compute()";"0.0";"0.0 ms";"0.0 ms";"157.715 ms";"157.715 ms";"8"
"org.apache.fop.layoutmgr.LMiter.hasNext()";"0.0";"0.0 ms";"0.0 ms";"140.791 ms";"140.791 ms";"8"
"org.apache.xmlgraphics.ps.PSGenerator.saveGraphicsState()";"0.0";"0.0 ms";"0.0 ms";"156.353 ms";"156.353 ms";"7"
"org.apache.fop.render.ps.PSRenderer.saveGraphicsState()";"0.0";"0.0 ms";"0.0 ms";"156.353 ms";"156.353 ms";"7"
"org.apache.fop.layoutmgr.BreakingAlgorithm.calculateBreakPoints()";"0.0";"0.0 ms";"0.0 ms";"142.211 ms";"142.211 ms";"7"
"org.apache.commons.logging.impl.Jdk14Logger.log()";"0.0";"0.0 ms";"0.0 ms";"174.073 ms";"174.073 ms";"7"
"org.apache.fop.fo.expr.PropertyParser.parseAdditiveExpr()";"0.0";"0.0 ms";"0.0 ms";"137.926 ms";"137.926 ms";"7"
"org.apache.fop.fo.expr.PropertyParser.parseMultiplicativeExpr()";"0.0";"0.0 ms";"0.0 ms";"137.926 ms";"137.926 ms";"7"
"org.apache.fop.fo.expr.PropertyParser.parseUnaryExpr()";"0.0";"0.0 ms";"0.0 ms";"137.926 ms";"137.926 ms";"7"
"org.apache.commons.logging.impl.Jdk14Logger.info()";"0.0";"0.0 ms";"0.0 ms";"174.073 ms";"174.073 ms";"7"
"org.apache.fop.render.ps.PSRenderer.concatMatrix()";"0.0";"0.0 ms";"0.0 ms";"120.707 ms";"120.707 ms";"6"
"org.apache.xerces.jaxp.SAXParserImpl$JAXPSAXParser.<init>()";"0.0";"0.0 ms";"0.0 ms";"104.612 ms";"104.612 ms";"6"
"org.apache.fop.layoutmgr.BlockStackingLayoutManager.addKnuthElementsForBreakBefore()";"0.0";"0.0 ms";"0.0 ms";"105.641 ms";"105.641 ms";"6"
"org.apache.fop.render.ps.PSRenderer.beginTextObject()";"0.0";"0.0 ms";"0.0 ms";"136.595 ms";"136.595 ms";"6"
"java.util.HashSet.add()";"0.0";"0.0 ms";"0.0 ms";"147.145 ms";"147.145 ms";"6"
"org.apache.xmlgraphics.ps.PSResource.toString()";"0.0";"0.0 ms";"0.0 ms";"147.145 ms";"147.145 ms";"6"
"org.apache.xmlgraphics.ps.PSResource.hashCode()";"0.0";"0.0 ms";"0.0 ms";"147.145 ms";"147.145 ms";"6"
"org.apache.fop.layoutmgr.PageBreakingAlgorithm.<init>()";"0.0";"0.0 ms";"0.0 ms";"156.555 ms";"156.555 ms";"6"
"org.apache.fop.area.inline.SpaceArea.<init>()";"0.0";"0.0 ms";"0.0 ms";"114.455 ms";"114.455 ms";"6"
"org.apache.fop.area.inline.TextArea.addSpace()";"0.0";"0.0 ms";"0.0 ms";"114.455 ms";"114.455 ms";"6"
"org.apache.fop.layoutmgr.BlockStackingLayoutManager.getBreakBefore()";"0.0";"0.0 ms";"0.0 ms";"105.641 ms";"105.641 ms";"6"
"java.lang.Thread.run()";"0.0";"0.0 ms";"0.0 ms";"143754.814 ms";"71187.805 ms";"6"
"org.apache.fop.render.ps.PSRenderer.drawBorderLine()";"0.0";"0.0 ms";"0.0 ms";"117.757 ms";"117.757 ms";"6"
"org.apache.fop.traits.MinOptMax.clone()";"0.0";"0.0 ms";"0.0 ms";"156.555 ms";"156.555 ms";"6"
"org.apache.fop.layoutmgr.AbstractLayoutManager.createChildLMs()";"0.0";"0.0 ms";"0.0 ms";"81.907 ms";"81.907 ms";"5"
"java.lang.System.setOut()";"0.0";"0.0 ms";"0.0 ms";"48.288 ms";"48.288 ms";"5"
"org.apache.fop.fo.properties.BorderWidthPropertyMaker.get()";"0.0";"0.0 ms";"0.0 ms";"98.11 ms";"98.11 ms";"5"
"org.apache.fop.render.ps.PSRenderer.comment()";"0.0";"0.0 ms";"0.0 ms";"119.042 ms";"119.042 ms";"5"
"org.apache.fop.fo.flow.ListItem.bind()";"0.0";"0.0 ms";"0.0 ms";"102.316 ms";"102.316 ms";"5"
"org.apache.xmlgraphics.ps.PSGenerator.writeDSCComment()";"0.0";"0.0 ms";"0.0 ms";"100.816 ms";"100.816 ms";"5"
"org.apache.fop.layoutmgr.PageProvider.cacheNextPage()";"0.0";"0.0 ms";"0.0 ms";"135.867 ms";"135.867 ms";"5"
"org.apache.fop.layoutmgr.PageSequenceLayoutManager.createPage()";"0.0";"0.0 ms";"0.0 ms";"135.867 ms";"135.867 ms";"5"
"org.apache.fop.fo.extensions.svg.BatikExtensionElementMapping.getAParserClassName()";"0.0";"0.0 ms";"0.0 ms";"83.386 ms";"83.386 ms";"5"
"java.net.URLClassLoader.findResource()";"0.0";"0.0 ms";"0.0 ms";"100.301 ms";"100.301 ms";"5"
"org.apache.fop.fo.extensions.svg.BatikExtensionElementMapping.initialize()";"0.0";"0.0 ms";"0.0 ms";"83.386 ms";"83.386 ms";"5"
"org.apache.xmlgraphics.ps.PSGenerator.formatDouble5()";"0.0";"0.0 ms";"0.0 ms";"97.897 ms";"97.897 ms";"5"
"org.apache.xmlgraphics.ps.PSGenerator.formatMatrix()";"0.0";"0.0 ms";"0.0 ms";"97.897 ms";"97.897 ms";"5"
"org.apache.fop.layoutmgr.StaticContentLayoutManager$StaticContentBreaker.doPhase3()";"0.0";"0.0 ms";"0.0 ms";"68.096 ms";"68.096 ms";"4"
"org.apache.xerces.impl.XMLEntityScanner.skipString()";"0.0";"0.0 ms";"0.0 ms";"81.166 ms";"81.166 ms";"4"
"sun.misc.FloatingDecimal.toJavaFormatString()";"0.0";"0.0 ms";"0.0 ms";"82.725 ms";"82.725 ms";"4"
"org.apache.fop.area.Area.addTrait()";"0.0";"0.0 ms";"0.0 ms";"74.036 ms";"74.036 ms";"4"
"java.net.URLClassLoader$2.run()";"0.0";"0.0 ms";"0.0 ms";"40.512 ms";"40.512 ms";"4"
"java.util.concurrent.ThreadPoolExecutor.runWorker()";"0.0";"0.0 ms";"0.0 ms";"95376.808 ms";"71187.805 ms";"4"
"java.util.concurrent.ThreadPoolExecutor$Worker.run()";"0.0";"0.0 ms";"0.0 ms";"95376.808 ms";"71187.805 ms";"4"
"org.apache.fop.fo.FONode.getUserAgent()";"0.0";"0.0 ms";"0.0 ms";"76.002 ms";"76.002 ms";"4"
"org.dacapo.harness.Callback.complete()";"0.0";"0.0 ms";"0.0 ms";"70.539 ms";"70.539 ms";"4"
"org.apache.fop.render.ps.PSRenderer.startVParea()";"0.0";"0.0 ms";"0.0 ms";"78.367 ms";"78.367 ms";"4"
"org.apache.fop.layoutmgr.BlockLayoutManager$ProxyLMiter.hasNext()";"0.0";"0.0 ms";"0.0 ms";"63.998 ms";"63.998 ms";"4"
"org.apache.fop.render.ps.PSRenderer.drawLine()";"0.0";"0.0 ms";"0.0 ms";"77.478 ms";"77.478 ms";"4"
"org.apache.fop.layoutmgr.StaticContentLayoutManager$StaticContentBreaker.addAreas()";"0.0";"0.0 ms";"0.0 ms";"68.096 ms";"68.096 ms";"4"
"org.apache.fop.layoutmgr.inline.LineLayoutManager$LineBreakingAlgorithm.makeLineBreakPosition()";"0.0";"0.0 ms";"0.0 ms";"83.279 ms";"83.279 ms";"4"
"org.apache.fop.layoutmgr.BlockLayoutManager.initialize()";"0.0";"0.0 ms";"0.0 ms";"107.358 ms";"107.358 ms";"4"
"org.apache.fop.render.PrintRenderer.getFontFromArea()";"0.0";"0.0 ms";"0.0 ms";"83.438 ms";"83.438 ms";"4"
"org.apache.xerces.impl.XMLEntityScanner.scanContent()";"0.0";"0.0 ms";"0.0 ms";"79.026 ms";"79.026 ms";"4"
"org.apache.fop.layoutmgr.inline.AlignmentContext.getOffset()";"0.0";"0.0 ms";"0.0 ms";"79.003 ms";"79.003 ms";"4"
"org.apache.fop.layoutmgr.inline.AlignmentContext.getTotalTopOffset()";"0.0";"0.0 ms";"0.0 ms";"79.003 ms";"79.003 ms";"4"
"java.lang.Throwable.fillInStackTrace()";"0.0";"0.0 ms";"0.0 ms";"115.371 ms";"115.371 ms";"4"
"java.lang.Throwable.<init>()";"0.0";"0.0 ms";"0.0 ms";"115.371 ms";"115.371 ms";"4"
"org.apache.fop.fo.RecursiveCharIterator.mark()";"0.0";"0.0 ms";"0.0 ms";"79.266 ms";"79.266 ms";"4"
"org.apache.fop.layoutmgr.BlockLayoutManager$ProxyLMiter.createNextChildLMs()";"0.0";"0.0 ms";"0.0 ms";"63.998 ms";"63.998 ms";"4"
"java.util.HashMap.get()";"0.0";"0.0 ms";"0.0 ms";"83.438 ms";"83.438 ms";"4"
"org.apache.fop.fonts.FontInfo.getFontInstance()";"0.0";"0.0 ms";"0.0 ms";"83.438 ms";"83.438 ms";"4"
"java.util.ArrayList.addAll()";"0.0";"0.0 ms";"0.0 ms";"60.112 ms";"60.112 ms";"3"
"org.apache.xmlgraphics.ps.dsc.ResourceTracker.writeResources()";"0.0";"0.0 ms";"0.0 ms";"59.735 ms";"59.735 ms";"3"
"java.util.AbstractCollection.addAll()";"0.0";"0.0 ms";"0.0 ms";"59.735 ms";"59.735 ms";"3"
"org.apache.xmlgraphics.ps.PSProcSet.getResourceSpecification()";"0.0";"0.0 ms";"0.0 ms";"59.735 ms";"59.735 ms";"3"
"org.apache.xerces.parsers.SecuritySupport.getFileExists()";"0.0";"0.0 ms";"0.0 ms";"42.846 ms";"42.846 ms";"3"
"org.apache.xerces.parsers.SecuritySupport$7.run()";"0.0";"0.0 ms";"0.0 ms";"42.846 ms";"42.846 ms";"3"
"org.apache.fop.fo.flow.BasicLink.endOfNode()";"0.0";"0.0 ms";"0.0 ms";"61.749 ms";"61.749 ms";"3"
"org.apache.fop.fo.FOText.endOfNode()";"0.0";"0.0 ms";"0.0 ms";"59.509 ms";"59.509 ms";"3"
"org.apache.fop.layoutmgr.inline.LeafNodeLayoutManager.getNextKnuthElements()";"0.0";"0.0 ms";"0.0 ms";"63.436 ms";"63.436 ms";"3"
"org.apache.fop.layoutmgr.inline.PageNumberLayoutManager.makeAlignmentContext()";"0.0";"0.0 ms";"0.0 ms";"63.436 ms";"63.436 ms";"3"
"org.apache.fop.fo.flow.table.TableFObj.startOfNode()";"0.0";"0.0 ms";"0.0 ms";"60.653 ms";"60.653 ms";"3"
"org.apache.xerces.util.SymbolTable$Entry.<init>()";"0.0";"0.0 ms";"0.0 ms";"60.084 ms";"60.084 ms";"3"
"org.apache.fop.layoutmgr.Page.<init>()";"0.0";"0.0 ms";"0.0 ms";"62.201 ms";"62.201 ms";"3"
"org.apache.fop.fo.properties.FontSizePropertyMaker.make()";"0.0";"0.0 ms";"0.0 ms";"61.951 ms";"61.951 ms";"3"
"org.apache.xerces.impl.XMLScanner.scanAttributeValue()";"0.0";"0.0 ms";"0.0 ms";"59.709 ms";"59.709 ms";"3"
"org.apache.xerces.impl.XMLEntityScanner.scanLiteral()";"0.0";"0.0 ms";"0.0 ms";"59.709 ms";"59.709 ms";"3"
"org.apache.fop.cli.InputHandler.createMainSource()";"0.0";"0.0 ms";"0.0 ms";"58.607 ms";"58.607 ms";"3"
"java.lang.Throwable.getStackTrace()";"0.0";"0.0 ms";"0.0 ms";"58.702 ms";"58.702 ms";"3"
"java.lang.Throwable.getOurStackTrace()";"0.0";"0.0 ms";"0.0 ms";"58.702 ms";"58.702 ms";"3"
"org.apache.xmlgraphics.ps.dsc.ResourceTracker.notifyResourceUsageOnPage()";"0.0";"0.0 ms";"0.0 ms";"87.41 ms";"87.41 ms";"3"
"org.apache.xmlgraphics.ps.PSResource.getResourceSpecification()";"0.0";"0.0 ms";"0.0 ms";"87.41 ms";"87.41 ms";"3"
"org.apache.xerces.parsers.ObjectFactory.findJarServiceProvider()";"0.0";"0.0 ms";"0.0 ms";"61.765 ms";"61.765 ms";"3"
"org.apache.xerces.parsers.SecuritySupport.getResourceAsStream()";"0.0";"0.0 ms";"0.0 ms";"61.765 ms";"61.765 ms";"3"
"org.apache.xerces.parsers.SecuritySupport$6.run()";"0.0";"0.0 ms";"0.0 ms";"61.765 ms";"61.765 ms";"3"
"org.apache.fop.layoutmgr.table.TableLayoutManager.addAreas()";"0.0";"0.0 ms";"0.0 ms";"60.721 ms";"60.721 ms";"3"
"org.apache.fop.layoutmgr.table.TableContentLayoutManager.addAreas()";"0.0";"0.0 ms";"0.0 ms";"60.721 ms";"60.721 ms";"3"
"org.apache.fop.layoutmgr.table.TableContentLayoutManager.addBodyAreas()";"0.0";"0.0 ms";"0.0 ms";"60.721 ms";"60.721 ms";"3"
"org.apache.fop.layoutmgr.table.TableContentLayoutManager.addTablePartAreas()";"0.0";"0.0 ms";"0.0 ms";"60.721 ms";"60.721 ms";"3"
"org.apache.fop.layoutmgr.table.RowPainter.handleTableContentPosition()";"0.0";"0.0 ms";"0.0 ms";"60.721 ms";"60.721 ms";"3"
"org.apache.fop.layoutmgr.table.RowPainter.addAreasAndFlushRow()";"0.0";"0.0 ms";"0.0 ms";"60.721 ms";"60.721 ms";"3"
"org.apache.fop.layoutmgr.table.RowPainter.addAreasForCell()";"0.0";"0.0 ms";"0.0 ms";"60.721 ms";"60.721 ms";"3"
"org.apache.fop.layoutmgr.table.TableCellLayoutManager.addAreas()";"0.0";"0.0 ms";"0.0 ms";"60.721 ms";"60.721 ms";"3"
"org.apache.fop.fo.properties.SpaceProperty$Maker.convertProperty()";"0.0";"0.0 ms";"0.0 ms";"58.896 ms";"58.896 ms";"3"
"sun.rmi.transport.tcp.TCPTransport$ConnectionHandler.run()";"0.0";"0.0 ms";"0.0 ms";"71187.805 ms";"71187.805 ms";"3"
"sun.rmi.transport.tcp.TCPTransport$ConnectionHandler$$Lambda$4.1533812849.run()";"0.0";"0.0 ms";"0.0 ms";"71187.805 ms";"71187.805 ms";"3"
"sun.rmi.transport.tcp.TCPTransport$ConnectionHandler.lambda$run$0()";"0.0";"0.0 ms";"0.0 ms";"71187.805 ms";"71187.805 ms";"3"
"sun.rmi.transport.tcp.TCPTransport$ConnectionHandler.run0()";"0.0";"0.0 ms";"0.0 ms";"71187.805 ms";"71187.805 ms";"3"
"sun.rmi.transport.tcp.TCPTransport.handleMessages()";"0.0";"0.0 ms";"0.0 ms";"71187.805 ms";"71187.805 ms";"3"
"org.apache.fop.render.ps.PSRenderer.concatenateTransformationMatrix()";"0.0";"0.0 ms";"0.0 ms";"56.384 ms";"56.384 ms";"3"
"org.apache.fop.fo.FObjMixed.addChildNode()";"0.0";"0.0 ms";"0.0 ms";"59.745 ms";"59.745 ms";"3"
"org.apache.fop.layoutmgr.inline.LeafNodeLayoutManager.addAreas()";"0.0";"0.0 ms";"0.0 ms";"50.282 ms";"50.282 ms";"3"
"java.lang.Double.toString()";"0.0";"0.0 ms";"0.0 ms";"63.35 ms";"63.35 ms";"3"
"org.apache.fop.layoutmgr.BlockLayoutManager.createLineManager()";"0.0";"0.0 ms";"0.0 ms";"60.775 ms";"60.775 ms";"3"
"org.apache.fop.render.ps.PSDictionary.toString()";"0.0";"0.0 ms";"0.0 ms";"35.85 ms";"35.85 ms";"2"
"javax.xml.transform.TransformerFactory.newInstance()";"0.0";"0.0 ms";"0.0 ms";"38.184 ms";"38.184 ms";"2"
"org.apache.fop.fo.properties.NumberProperty$Maker.convertProperty()";"0.0";"0.0 ms";"0.0 ms";"39.997 ms";"39.997 ms";"2"
"org.apache.fop.fonts.FontInfo.fontLookup()";"0.0";"0.0 ms";"0.0 ms";"18.836 ms";"18.836 ms";"2"
"javax.xml.transform.FactoryFinder.find()";"0.0";"0.0 ms";"0.0 ms";"38.184 ms";"38.184 ms";"2"
"javax.xml.transform.FactoryFinder.findJarServiceProvider()";"0.0";"0.0 ms";"0.0 ms";"38.184 ms";"38.184 ms";"2"
"org.apache.fop.fo.properties.EnumNumber.getInstance()";"0.0";"0.0 ms";"0.0 ms";"39.997 ms";"39.997 ms";"2"
"org.apache.fop.fo.PropertyList.getTextDecorationProps()";"0.0";"0.0 ms";"0.0 ms";"44.177 ms";"44.177 ms";"2"
"org.dacapo.harness.Benchmark.run()";"0.0";"0.0 ms";"0.0 ms";"24185.098 ms";"24185.098 ms";"2"
"java.lang.Double.parseDouble()";"0.0";"0.0 ms";"0.0 ms";"37.86 ms";"37.86 ms";"2"
"java.text.SimpleDateFormat.<init>()";"0.0";"0.0 ms";"0.0 ms";"20.125 ms";"20.125 ms";"2"
"sun.reflect.NativeMethodAccessorImpl.invoke0[native]()";"0.0";"0.0 ms";"0.0 ms";"24480.692 ms";"24480.692 ms";"2"
"org.apache.fop.layoutmgr.AbstractLayoutManager.createNextChildLMs()";"0.0";"0.0 ms";"0.0 ms";"35.15 ms";"35.15 ms";"2"
"org.apache.xerces.jaxp.SAXParserFactoryImpl.setFeature()";"0.0";"0.0 ms";"0.0 ms";"40.009 ms";"40.009 ms";"2"
"org.apache.fop.fo.flow.table.TableBody.addChildNode()";"0.0";"0.0 ms";"0.0 ms";"38.558 ms";"38.558 ms";"2"
"org.apache.xerces.jaxp.SAXParserFactoryImpl.newSAXParserImpl()";"0.0";"0.0 ms";"0.0 ms";"40.009 ms";"40.009 ms";"2"
"org.apache.xerces.util.URI.<init>()";"0.0";"0.0 ms";"0.0 ms";"19.049 ms";"19.049 ms";"2"
"sun.reflect.NativeMethodAccessorImpl.invoke()";"0.0";"0.0 ms";"0.0 ms";"24480.692 ms";"24480.692 ms";"2"
"org.apache.fop.fo.FOPropertyMapping$2.get()";"0.0";"0.0 ms";"0.0 ms";"40.11 ms";"40.11 ms";"2"
"org.apache.fop.layoutmgr.SpaceResolver.performConditionalsNotification()";"0.0";"0.0 ms";"0.0 ms";"40.717 ms";"40.717 ms";"2"
"org.apache.fop.layoutmgr.SpaceResolver$SpaceHandlingBreakPosition.notifyBreakSituation()";"0.0";"0.0 ms";"0.0 ms";"40.717 ms";"40.717 ms";"2"
"org.apache.fop.fo.FOText.textTransform()";"0.0";"0.0 ms";"0.0 ms";"39.41 ms";"39.41 ms";"2"
"org.apache.fop.fo.properties.CommonTextDecoration.createFromPropertyList()";"0.0";"0.0 ms";"0.0 ms";"44.177 ms";"44.177 ms";"2"
"sun.misc.URLClassPath.findResource()";"0.0";"0.0 ms";"0.0 ms";"40.512 ms";"40.512 ms";"2"
"org.apache.xerces.xinclude.XIncludeHandler.emptyElement()";"0.0";"0.0 ms";"0.0 ms";"39.646 ms";"39.646 ms";"2"
"org.apache.xerces.parsers.AbstractXMLDocumentParser.emptyElement()";"0.0";"0.0 ms";"0.0 ms";"39.646 ms";"39.646 ms";"2"
"org.apache.xerces.impl.XMLVersionDetector.determineDocVersion()";"0.0";"0.0 ms";"0.0 ms";"41.532 ms";"41.532 ms";"2"
"org.apache.fop.fo.properties.NumberProperty.getInstance()";"0.0";"0.0 ms";"0.0 ms";"40.449 ms";"40.449 ms";"2"
"org.apache.fop.fo.FObj.startOfNode()";"0.0";"0.0 ms";"0.0 ms";"39.602 ms";"39.602 ms";"2"
"org.apache.fop.fo.FObj.checkId()";"0.0";"0.0 ms";"0.0 ms";"39.602 ms";"39.602 ms";"2"
"org.apache.xmlgraphics.ps.PSGenerator.useLineWidth()";"0.0";"0.0 ms";"0.0 ms";"40.278 ms";"40.278 ms";"2"
"org.apache.fop.render.ps.PSRenderer.restoreGraphicsState()";"0.0";"0.0 ms";"0.0 ms";"19.017 ms";"19.017 ms";"2"
"org.apache.fop.layoutmgr.PageBreaker.getCurrentDisplayAlign()";"0.0";"0.0 ms";"0.0 ms";"42.164 ms";"42.164 ms";"2"
"org.apache.fop.fo.properties.StringProperty.getInstance()";"0.0";"0.0 ms";"0.0 ms";"38.595 ms";"38.595 ms";"2"
"org.apache.fop.render.ps.PSRenderer.lineTo()";"0.0";"0.0 ms";"0.0 ms";"40.362 ms";"40.362 ms";"2"
"sun.rmi.server.UnicastServerRef.unmarshalParametersUnchecked()";"0.0";"0.0 ms";"0.0 ms";"38.69 ms";"38.69 ms";"2"
"org.apache.fop.fo.properties.FixedLength.getInstance()";"0.0";"0.0 ms";"0.0 ms";"20.072 ms";"20.072 ms";"2"
"org.apache.fop.layoutmgr.inline.PageNumberLayoutManager.getEffectiveArea()";"0.0";"0.0 ms";"0.0 ms";"34.215 ms";"34.215 ms";"2"
"java.util.concurrent.ScheduledThreadPoolExecutor$DelayedWorkQueue.take()";"0.0";"0.0 ms";"0.0 ms";"24189.003 ms";"0.0 ms";"2"
"java.lang.ref.ReferenceQueue.remove()";"0.0";"0.0 ms";"0.0 ms";"24189.003 ms";"0.0 ms";"2"
"org.apache.fop.fo.pagination.SimplePageMaster.getRegion()";"0.0";"0.0 ms";"0.0 ms";"42.164 ms";"42.164 ms";"2"
"org.apache.fop.fo.flow.table.TableCell.startOfNode()";"0.0";"0.0 ms";"0.0 ms";"39.381 ms";"39.381 ms";"2"
"org.apache.commons.cli.CommandLine.getOptionValue()";"0.0";"0.0 ms";"0.0 ms";"3.905 ms";"3.905 ms";"2"
"org.apache.fop.layoutmgr.TraitSetter.addMargins()";"0.0";"0.0 ms";"0.0 ms";"19.186 ms";"19.186 ms";"2"
"java.lang.AbstractStringBuilder.append()";"0.0";"0.0 ms";"0.0 ms";"39.227 ms";"39.227 ms";"2"
"org.apache.xerces.impl.XMLDocumentScannerImpl$XMLDeclDispatcher.dispatch()";"0.0";"0.0 ms";"0.0 ms";"37.02 ms";"37.02 ms";"2"
"org.apache.fop.fo.flow.table.Table.bind()";"0.0";"0.0 ms";"0.0 ms";"41.913 ms";"41.913 ms";"2"
"org.apache.fop.fo.PropertyList.getMarginInlineProps()";"0.0";"0.0 ms";"0.0 ms";"40.35 ms";"40.35 ms";"2"
"org.apache.fop.fo.flow.table.TableRow.processNode()";"0.0";"0.0 ms";"0.0 ms";"42.561 ms";"42.561 ms";"2"
"org.apache.fop.fo.properties.CommonMarginInline.<init>()";"0.0";"0.0 ms";"0.0 ms";"40.35 ms";"40.35 ms";"2"
"java.io.File.isDirectory()";"0.0";"0.0 ms";"0.0 ms";"54.883 ms";"54.883 ms";"2"
"org.apache.fop.fo.RecursiveCharIterator.<init>()";"0.0";"0.0 ms";"0.0 ms";"39.689 ms";"39.689 ms";"2"
"org.apache.fop.fo.RecursiveCharIterator.getNextCharIter()";"0.0";"0.0 ms";"0.0 ms";"39.689 ms";"39.689 ms";"2"
"org.apache.xerces.impl.XMLDocumentFragmentScannerImpl.scanXMLDeclOrTextDecl()";"0.0";"0.0 ms";"0.0 ms";"37.02 ms";"37.02 ms";"2"
"org.apache.fop.layoutmgr.SpaceElement.<init>()";"0.0";"0.0 ms";"0.0 ms";"40.165 ms";"40.165 ms";"2"
"org.apache.fop.fo.FObj.bind()";"0.0";"0.0 ms";"0.0 ms";"40.764 ms";"40.764 ms";"2"
"org.apache.fop.fo.flow.table.TableRow.addChildNode()";"0.0";"0.0 ms";"0.0 ms";"41.112 ms";"41.112 ms";"2"
"sun.rmi.server.UnicastServerRef.unmarshalParameters()";"0.0";"0.0 ms";"0.0 ms";"38.69 ms";"38.69 ms";"2"
"org.apache.fop.fo.FObj.getChildNodes()";"0.0";"0.0 ms";"0.0 ms";"37.867 ms";"37.867 ms";"2"
"org.apache.fop.render.ps.PSPageDeviceDictionary.getContent()";"0.0";"0.0 ms";"0.0 ms";"35.85 ms";"35.85 ms";"2"
"org.apache.fop.fo.FOElementMapping$TableRowMaker.make()";"0.0";"0.0 ms";"0.0 ms";"21.452 ms";"21.452 ms";"1"
"org.apache.fop.fo.flow.table.TableRow.<init>()";"0.0";"0.0 ms";"0.0 ms";"21.452 ms";"21.452 ms";"1"
"org.apache.fop.fo.flow.table.TableCellContainer.<init>()";"0.0";"0.0 ms";"0.0 ms";"21.452 ms";"21.452 ms";"1"
"org.apache.fop.fo.flow.table.TableFObj.<init>()";"0.0";"0.0 ms";"0.0 ms";"21.452 ms";"21.452 ms";"1"
"org.apache.fop.area.PageViewport.getCurrentSpan()";"0.0";"0.0 ms";"0.0 ms";"19.639 ms";"19.639 ms";"1"
"org.apache.fop.apps.FopFactory.newFop()";"0.0";"0.0 ms";"0.0 ms";"19.931 ms";"19.931 ms";"1"
"org.apache.fop.apps.Fop.<init>()";"0.0";"0.0 ms";"0.0 ms";"19.931 ms";"19.931 ms";"1"
"org.apache.fop.apps.Fop.createDefaultHandler()";"0.0";"0.0 ms";"0.0 ms";"19.931 ms";"19.931 ms";"1"
"org.apache.fop.fo.FOTreeBuilder.<init>()";"0.0";"0.0 ms";"0.0 ms";"19.931 ms";"19.931 ms";"1"
"org.apache.fop.layoutmgr.table.TableStepper.getCombinedKnuthElementsForRowGroup()";"0.0";"0.0 ms";"0.0 ms";"19.595 ms";"19.595 ms";"1"
"org.apache.fop.layoutmgr.table.TableStepper.getFirstStep()";"0.0";"0.0 ms";"0.0 ms";"19.595 ms";"19.595 ms";"1"
"org.apache.fop.render.ps.PSRenderer.endVParea()";"0.0";"0.0 ms";"0.0 ms";"19.017 ms";"19.017 ms";"1"
"org.apache.fop.fo.flow.table.TableCell.bind()";"0.0";"0.0 ms";"0.0 ms";"20.599 ms";"20.599 ms";"1"
"org.apache.fop.layoutmgr.LayoutManagerMapping$PageNumberLayoutManagerMaker.make()";"0.0";"0.0 ms";"0.0 ms";"19.416 ms";"19.416 ms";"1"
"org.apache.fop.layoutmgr.inline.PageNumberLayoutManager.<init>()";"0.0";"0.0 ms";"0.0 ms";"19.416 ms";"19.416 ms";"1"
"org.apache.fop.render.ps.PSRenderer.endTextObject()";"0.0";"0.0 ms";"0.0 ms";"19.017 ms";"19.017 ms";"1"
"org.apache.xmlgraphics.ps.PSGenerator.restoreGraphicsState()";"0.0";"0.0 ms";"0.0 ms";"19.017 ms";"19.017 ms";"1"
"org.apache.fop.layoutmgr.inline.LeafNodeLayoutManager.<init>()";"0.0";"0.0 ms";"0.0 ms";"19.416 ms";"19.416 ms";"1"
"org.apache.fop.layoutmgr.AbstractLayoutManager.<init>()";"0.0";"0.0 ms";"0.0 ms";"19.416 ms";"19.416 ms";"1"
"org.apache.fop.layoutmgr.inline.PageNumberLayoutManager.updateContent()";"0.0";"0.0 ms";"0.0 ms";"19.803 ms";"19.803 ms";"1"
"org.apache.fop.area.inline.TextArea.getText()";"0.0";"0.0 ms";"0.0 ms";"19.803 ms";"19.803 ms";"1"
"org.apache.fop.area.PageViewport.createSpan()";"0.0";"0.0 ms";"0.0 ms";"19.774 ms";"19.774 ms";"1"
"org.apache.fop.layoutmgr.TraitSetter.addBackground()";"0.0";"0.0 ms";"0.0 ms";"21.353 ms";"21.353 ms";"1"
"org.apache.fop.layoutmgr.AbstractPageSequenceLayoutManager.notifyEndOfLayout()";"0.0";"0.0 ms";"0.0 ms";"19.93 ms";"19.93 ms";"1"
"java.text.DecimalFormat.subformat()";"0.0";"0.0 ms";"0.0 ms";"18.63 ms";"18.63 ms";"1"
"org.apache.fop.layoutmgr.BlockStackingLayoutManager.addKnuthElementsForSpaceBefore()";"0.0";"0.0 ms";"0.0 ms";"19.327 ms";"19.327 ms";"1"
"org.apache.fop.layoutmgr.SpaceResolver.<init>()";"0.0";"0.0 ms";"0.0 ms";"19.701 ms";"19.701 ms";"1"
"org.apache.fop.layoutmgr.SpaceResolver.resolve()";"0.0";"0.0 ms";"0.0 ms";"19.701 ms";"19.701 ms";"1"
"org.apache.fop.fo.flow.table.TableRow.bind()";"0.0";"0.0 ms";"0.0 ms";"21.785 ms";"21.785 ms";"1"
"org.apache.fop.fonts.base14.Symbol.mapChar()";"0.0";"0.0 ms";"0.0 ms";"14.526 ms";"14.526 ms";"1"
"javax.xml.transform.FactoryFinder.newInstance()";"0.0";"0.0 ms";"0.0 ms";"18.586 ms";"18.586 ms";"1"
"java.lang.Class.newInstance()";"0.0";"0.0 ms";"0.0 ms";"18.586 ms";"18.586 ms";"1"
"java.lang.reflect.Constructor.newInstance()";"0.0";"0.0 ms";"0.0 ms";"18.586 ms";"18.586 ms";"1"
"sun.reflect.DelegatingConstructorAccessorImpl.newInstance()";"0.0";"0.0 ms";"0.0 ms";"18.586 ms";"18.586 ms";"1"
"sun.reflect.GeneratedConstructorAccessor16.newInstance()";"0.0";"0.0 ms";"0.0 ms";"18.586 ms";"18.586 ms";"1"
"org.apache.xalan.processor.TransformerFactoryImpl.<init>()";"0.0";"0.0 ms";"0.0 ms";"18.586 ms";"18.586 ms";"1"
"org.apache.xml.utils.DefaultErrorHandler.<init>()";"0.0";"0.0 ms";"0.0 ms";"18.586 ms";"18.586 ms";"1"
"java.io.PrintWriter.<init>()";"0.0";"0.0 ms";"0.0 ms";"18.586 ms";"18.586 ms";"1"
"org.apache.fop.fo.flow.ListItemBody.endOfNode()";"0.0";"0.0 ms";"0.0 ms";"18.836 ms";"18.836 ms";"1"
"org.apache.fop.fo.FObj.createPropertyList()";"0.0";"0.0 ms";"0.0 ms";"20.129 ms";"20.129 ms";"1"
"org.apache.fop.fo.FOTreeBuilder$1.make()";"0.0";"0.0 ms";"0.0 ms";"20.129 ms";"20.129 ms";"1"
"org.dacapo.harness.Benchmark.stopIteration()";"0.0";"0.0 ms";"0.0 ms";"32.133 ms";"32.133 ms";"1"
"sun.reflect.GeneratedMethodAccessor36.invoke()";"0.0";"0.0 ms";"0.0 ms";"3.841 ms";"3.841 ms";"1"
"org.apache.xerces.impl.XMLEntityManager.expandSystemIdStrictOff()";"0.0";"0.0 ms";"0.0 ms";"19.049 ms";"19.049 ms";"1"
"org.apache.xerces.util.URI.initialize()";"0.0";"0.0 ms";"0.0 ms";"19.049 ms";"19.049 ms";"1"
"org.apache.xerces.parsers.XML11Configuration.reset()";"0.0";"0.0 ms";"0.0 ms";"20.422 ms";"20.422 ms";"1"
"org.apache.xerces.impl.XMLDTDScannerImpl.reset()";"0.0";"0.0 ms";"0.0 ms";"20.422 ms";"20.422 ms";"1"
"org.apache.xerces.impl.XMLDTDScannerImpl.init()";"0.0";"0.0 ms";"0.0 ms";"20.422 ms";"20.422 ms";"1"
"org.apache.fop.fo.flow.table.TableCellContainer.addTableCellChild()";"0.0";"0.0 ms";"0.0 ms";"20.549 ms";"20.549 ms";"1"
"org.apache.fop.layoutmgr.list.ListItemLayoutManager.getParentArea()";"0.0";"0.0 ms";"0.0 ms";"19.186 ms";"19.186 ms";"1"
"java.lang.AbstractStringBuilder.ensureCapacityInternal()";"0.0";"0.0 ms";"0.0 ms";"19.043 ms";"19.043 ms";"1"
"org.apache.fop.fo.properties.KeepProperty.getKeep()";"0.0";"0.0 ms";"0.0 ms";"20.185 ms";"20.185 ms";"1"
"java.text.Format.format()";"0.0";"0.0 ms";"0.0 ms";"20.61 ms";"20.61 ms";"1"
"org.dacapo.harness.TestHarness.runBenchmark()";"0.0";"0.0 ms";"0.0 ms";"24189.003 ms";"24189.003 ms";"1"
"org.dacapo.harness.TestHarness.main()";"0.0";"0.0 ms";"0.0 ms";"24189.003 ms";"24189.003 ms";"1"
"org.dacapo.harness.Callback.runAgain()";"0.0";"0.0 ms";"0.0 ms";"3.905 ms";"3.905 ms";"1"
"Harness.main()";"0.0";"0.0 ms";"0.0 ms";"24189.003 ms";"24189.003 ms";"1"
"org.dacapo.harness.CommandLineArgs.getIterations()";"0.0";"0.0 ms";"0.0 ms";"3.905 ms";"3.905 ms";"1"
"org.apache.xerces.impl.XMLScanner.scanXMLDeclOrTextDecl()";"0.0";"0.0 ms";"0.0 ms";"18.341 ms";"18.341 ms";"1"
"java.text.SimpleDateFormat.initializeCalendar()";"0.0";"0.0 ms";"0.0 ms";"20.125 ms";"20.125 ms";"1"
"java.util.Calendar.getInstance()";"0.0";"0.0 ms";"0.0 ms";"20.125 ms";"20.125 ms";"1"
"org.apache.xerces.impl.XMLScanner.scanPseudoAttribute()";"0.0";"0.0 ms";"0.0 ms";"18.341 ms";"18.341 ms";"1"
"org.apache.xerces.impl.XMLEntityScanner.skipDeclSpaces()";"0.0";"0.0 ms";"0.0 ms";"18.341 ms";"18.341 ms";"1"
"org.apache.fop.layoutmgr.inline.InlineLayoutManager.addId()";"0.0";"0.0 ms";"0.0 ms";"21.391 ms";"21.391 ms";"1"
"sun.misc.FloatingDecimal.appendTo()";"0.0";"0.0 ms";"0.0 ms";"20.184 ms";"20.184 ms";"1"
"java.io.ObjectStreamClass.getClassDataLayout0()";"0.0";"0.0 ms";"0.0 ms";"19.099 ms";"19.099 ms";"1"
"java.io.ObjectStreamClass.getClassDataLayout()";"0.0";"0.0 ms";"0.0 ms";"19.099 ms";"19.099 ms";"1"
"java.io.ObjectInputStream.readSerialData()";"0.0";"0.0 ms";"0.0 ms";"19.099 ms";"19.099 ms";"1"
"java.io.ObjectInputStream.readOrdinaryObject()";"0.0";"0.0 ms";"0.0 ms";"19.099 ms";"19.099 ms";"1"
"java.io.ObjectInputStream.readObject0()";"0.0";"0.0 ms";"0.0 ms";"19.099 ms";"19.099 ms";"1"
"java.io.ObjectInputStream.readObject()";"0.0";"0.0 ms";"0.0 ms";"19.099 ms";"19.099 ms";"1"
"sun.rmi.server.UnicastRef.unmarshalValue()";"0.0";"0.0 ms";"0.0 ms";"19.099 ms";"19.099 ms";"1"
"java.io.WinNTFileSystem.canonicalizeWithPrefix()";"0.0";"0.0 ms";"0.0 ms";"19.597 ms";"19.597 ms";"1"
"javax.xml.transform.SecuritySupport$4.run()";"0.0";"0.0 ms";"0.0 ms";"19.597 ms";"19.597 ms";"1"
"javax.xml.transform.SecuritySupport.getResourceAsStream()";"0.0";"0.0 ms";"0.0 ms";"19.597 ms";"19.597 ms";"1"
"java.lang.ClassLoader.findLoadedClass()";"0.0";"0.0 ms";"0.0 ms";"20.472 ms";"20.472 ms";"1"
"org.dacapo.harness.DacapoClassLoader.loadClass()";"0.0";"0.0 ms";"0.0 ms";"20.472 ms";"20.472 ms";"1"
"java.lang.ClassLoader.loadClass()";"0.0";"0.0 ms";"0.0 ms";"20.472 ms";"20.472 ms";"1"
"org.apache.xerces.impl.XMLEntityManager.expandSystemId()";"0.0";"0.0 ms";"0.0 ms";"19.049 ms";"19.049 ms";"1"
"org.apache.xerces.impl.XMLEntityManager.setupCurrentEntity()";"0.0";"0.0 ms";"0.0 ms";"19.049 ms";"19.049 ms";"1"
"org.apache.xerces.impl.XMLEntityScanner.skipSpaces()";"0.0";"0.0 ms";"0.0 ms";"19.816 ms";"19.816 ms";"1"
"org.apache.xerces.impl.XMLDocumentScannerImpl$TrailingMiscDispatcher.dispatch()";"0.0";"0.0 ms";"0.0 ms";"19.816 ms";"19.816 ms";"1"
"org.apache.fop.layoutmgr.SpaceResolver.generate()";"0.0";"0.0 ms";"0.0 ms";"19.769 ms";"19.769 ms";"1"
"java.util.zip.ZipFile.getEntry()";"0.0";"0.0 ms";"0.0 ms";"20.49 ms";"20.49 ms";"1"
"org.apache.xerces.impl.XMLEntityScanner.scanChar()";"0.0";"0.0 ms";"0.0 ms";"22.482 ms";"22.482 ms";"1"
"java.util.jar.JarFile.getEntry()";"0.0";"0.0 ms";"0.0 ms";"20.49 ms";"20.49 ms";"1"
"java.util.jar.JarFile.getJarEntry()";"0.0";"0.0 ms";"0.0 ms";"20.49 ms";"20.49 ms";"1"
"sun.misc.URLClassPath$JarLoader.getResource()";"0.0";"0.0 ms";"0.0 ms";"20.49 ms";"20.49 ms";"1"
"java.lang.ref.Reference$ReferenceHandler.run()";"0.0";"0.0 ms";"0.0 ms";"24189.003 ms";"0.0 ms";"1"
"java.lang.ref.Reference.tryHandlePending()";"0.0";"0.0 ms";"0.0 ms";"24189.003 ms";"0.0 ms";"1"
"java.lang.Object.wait()";"0.0";"0.0 ms";"0.0 ms";"24189.003 ms";"0.0 ms";"1"
"java.lang.ref.Finalizer$FinalizerThread.run()";"0.0";"0.0 ms";"0.0 ms";"24189.003 ms";"0.0 ms";"1"
"sun.rmi.transport.tcp.TCPTransport$AcceptLoop.run()";"0.0";"0.0 ms";"0.0 ms";"24189.003 ms";"0.0 ms";"1"
"sun.rmi.transport.tcp.TCPTransport$AcceptLoop.executeAcceptLoop()";"0.0";"0.0 ms";"0.0 ms";"24189.003 ms";"0.0 ms";"1"
"sun.management.jmxremote.LocalRMIServerSocketFactory$1.accept()";"0.0";"0.0 ms";"0.0 ms";"24189.003 ms";"0.0 ms";"1"
"java.net.ServerSocket.accept()";"0.0";"0.0 ms";"0.0 ms";"24189.003 ms";"0.0 ms";"1"
"java.net.ServerSocket.implAccept()";"0.0";"0.0 ms";"0.0 ms";"24189.003 ms";"0.0 ms";"1"
"java.net.PlainSocketImpl.accept()";"0.0";"0.0 ms";"0.0 ms";"24189.003 ms";"0.0 ms";"1"
"java.net.AbstractPlainSocketImpl.accept()";"0.0";"0.0 ms";"0.0 ms";"24189.003 ms";"0.0 ms";"1"
"org.apache.fop.fo.flow.table.TableColumn.startOfNode()";"0.0";"0.0 ms";"0.0 ms";"21.272 ms";"21.272 ms";"1"
"com.sun.jmx.remote.internal.ServerCommunicatorAdmin$Timeout.run()";"0.0";"0.0 ms";"0.0 ms";"24189.003 ms";"0.0 ms";"1"
"java.util.concurrent.locks.LockSupport.parkNanos()";"0.0";"0.0 ms";"0.0 ms";"24189.003 ms";"0.0 ms";"1"
"java.util.concurrent.locks.AbstractQueuedSynchronizer$ConditionObject.awaitNanos()";"0.0";"0.0 ms";"0.0 ms";"24189.003 ms";"0.0 ms";"1"
"java.util.concurrent.ThreadPoolExecutor.getTask()";"0.0";"0.0 ms";"0.0 ms";"24189.003 ms";"0.0 ms";"1"
"org.apache.fop.fo.flow.table.TableColumn.bind()";"0.0";"0.0 ms";"0.0 ms";"18.373 ms";"18.373 ms";"1"
"org.apache.fop.render.ps.PSRenderer.moveTo()";"0.0";"0.0 ms";"0.0 ms";"17.215 ms";"17.215 ms";"1"
"org.apache.fop.layoutmgr.KnuthPossPosIter.<init>()";"0.0";"0.0 ms";"0.0 ms";"20.228 ms";"20.228 ms";"1"
"org.apache.fop.apps.FopFactory.setUseCache()";"0.0";"0.0 ms";"0.0 ms";"19.812 ms";"19.812 ms";"1"
"org.apache.fop.fonts.FontCache.load()";"0.0";"0.0 ms";"0.0 ms";"19.812 ms";"19.812 ms";"1"
"org.apache.fop.fonts.FontCache.getDefaultCacheFile()";"0.0";"0.0 ms";"0.0 ms";"19.812 ms";"19.812 ms";"1"
"org.apache.fop.fonts.FontCache.getUserHome()";"0.0";"0.0 ms";"0.0 ms";"19.812 ms";"19.812 ms";"1"
"org.apache.fop.layoutmgr.inline.PageNumberLayoutManager.addId()";"0.0";"0.0 ms";"0.0 ms";"16.066 ms";"16.066 ms";"1"
"org.apache.fop.render.AbstractRenderer.renderInlineBlockParent()";"0.0";"0.0 ms";"0.0 ms";"19.196 ms";"19.196 ms";"1"
"org.apache.xerces.jaxp.SAXParserImpl$JAXPSAXParser.setProperty()";"0.0";"0.0 ms";"0.0 ms";"19.39 ms";"19.39 ms";"1"
"org.apache.fop.fo.FOElementMapping$ListBlockMaker.make()";"0.0";"0.0 ms";"0.0 ms";"21.239 ms";"21.239 ms";"1"
"org.apache.fop.fo.flow.ListBlock.<init>()";"0.0";"0.0 ms";"0.0 ms";"21.239 ms";"21.239 ms";"1"
"org.apache.fop.layoutmgr.BlockStackingLayoutManager.addKnuthElementsForSpaceAfter()";"0.0";"0.0 ms";"0.0 ms";"20.838 ms";"20.838 ms";"1"
"org.apache.xerces.impl.XMLEntityScanner.skipChar()";"0.0";"0.0 ms";"0.0 ms";"19.673 ms";"19.673 ms";"1"
"org.apache.fop.fo.flow.ListItem.startOfNode()";"0.0";"0.0 ms";"0.0 ms";"18.33 ms";"18.33 ms";"1"
"sun.misc.URLClassPath$JarLoader.findResource()";"0.0";"0.0 ms";"0.0 ms";"20.49 ms";"20.49 ms";"1"
"java.net.DualStackPlainSocketImpl.socketAccept()";"0.0";"0.0 ms";"0.0 ms";"24189.003 ms";"0.0 ms";"1"
"javax.xml.parsers.FactoryFinder.newInstance()";"0.0";"0.0 ms";"0.0 ms";"20.472 ms";"20.472 ms";"1"
"java.lang.Float.toString()";"0.0";"0.0 ms";"0.0 ms";"19.375 ms";"19.375 ms";"1"
"org.apache.xmlgraphics.ps.PSGenerator.convertRealToDSC()";"0.0";"0.0 ms";"0.0 ms";"19.375 ms";"19.375 ms";"1"
"java.lang.reflect.Method.getParameterTypes()";"0.0";"0.0 ms";"0.0 ms";"19.591 ms";"19.591 ms";"1"
"org.apache.xmlgraphics.ps.dsc.events.AbstractResourcesDSCComment.addResources()";"0.0";"0.0 ms";"0.0 ms";"20.286 ms";"20.286 ms";"1"
"org.apache.xmlgraphics.ps.dsc.events.AbstractResourcesDSCComment.<init>()";"0.0";"0.0 ms";"0.0 ms";"20.286 ms";"20.286 ms";"1"
"org.apache.xmlgraphics.ps.dsc.events.DSCCommentPageResources.<init>()";"0.0";"0.0 ms";"0.0 ms";"20.286 ms";"20.286 ms";"1"
"org.apache.fop.layoutmgr.PageProvider.getAvailableBPD()";"0.0";"0.0 ms";"0.0 ms";"19.581 ms";"19.581 ms";"1"
"org.apache.fop.layoutmgr.PageBreakingAlgorithm.getLineWidth()";"0.0";"0.0 ms";"0.0 ms";"19.581 ms";"19.581 ms";"1"
"org.apache.fop.layoutmgr.PageBreakingAlgorithm.computeDifference()";"0.0";"0.0 ms";"0.0 ms";"19.581 ms";"19.581 ms";"1"
"org.apache.xerces.impl.XMLEntityManager.createReader()";"0.0";"0.0 ms";"0.0 ms";"18.678 ms";"18.678 ms";"1"
"org.apache.xerces.impl.XMLEntityManager$ScannedEntity.setReader()";"0.0";"0.0 ms";"0.0 ms";"18.678 ms";"18.678 ms";"1"
"org.apache.xerces.impl.XMLEntityScanner.setEncoding()";"0.0";"0.0 ms";"0.0 ms";"18.678 ms";"18.678 ms";"1"
"java.util.Calendar.createCalendar()";"0.0";"0.0 ms";"0.0 ms";"20.125 ms";"20.125 ms";"1"
"sun.util.locale.provider.CalendarProviderImpl.getInstance()";"0.0";"0.0 ms";"0.0 ms";"20.125 ms";"20.125 ms";"1"
"org.apache.fop.fo.flow.table.FixedColRowGroupBuilder.handleRowEnd()";"0.0";"0.0 ms";"0.0 ms";"19.928 ms";"19.928 ms";"1"
"java.io.ExpiringCache.put()";"0.0";"0.0 ms";"0.0 ms";"17.48 ms";"17.48 ms";"1"
