sep=;
"Hot Spots - Method";"Self Time [%]";"Self Time";"Self Time (CPU)";"Total Time";"Total Time (CPU)";"Samples"
"java.lang.Object.wait[native]()";"56.03923";"2788957.029 ms";"0.0 ms";"2788957.029 ms";"0.0 ms";"51612"
"sun.misc.Unsafe.park[native]()";"9.33076";"464372.699 ms";"0.0 ms";"464372.699 ms";"0.0 ms";"3"
"java.net.SocketInputStream.socketRead0[native]()";"8.056864";"400973.501 ms";"400973.501 ms";"400973.501 ms";"400973.501 ms";"123"
"sun.management.ThreadImpl.dumpThreads0[native]()";"6.919593";"344373.877 ms";"344373.877 ms";"344373.877 ms";"344373.877 ms";"117"
"java.net.DualStackPlainSocketImpl.accept0[native]()";"6.91261";"344026.374 ms";"0.0 ms";"344026.374 ms";"0.0 ms";"3"
"avrora.sim.output.SimPrinter.printBuffer()";"6.24307";"310704.733 ms";"1823.272 ms";"508135.969 ms";"199254.217 ms";"22759"
"java.io.FileOutputStream.write[native]()";"3.9814262";"198147.379 ms";"198147.379 ms";"198147.379 ms";"198147.379 ms";"9584"
"avrora.sim.clock.RippleSynchronizer.waitForNeighbors()";"0.867451";"43171.251 ms";"4204.144 ms";"1514010.91 ms";"59956.848 ms";"36533"
"java.lang.Object.notifyAll[native]()";"0.64387167";"32044.165 ms";"32044.165 ms";"32044.165 ms";"32044.165 ms";"1576"
"java.lang.Object.hashCode[native]()";"0.5222716";"25992.379 ms";"25992.379 ms";"25992.379 ms";"25992.379 ms";"1237"
"avrora.arch.legacy.LegacyInterpreter.fastLoop()";"0.2535153";"12616.935 ms";"12616.935 ms";"203178.458 ms";"86969.194 ms";"9125"
"avrora.sim.clock.RippleSynchronizer$NotifyEvent.fire()";"0.04640011";"2309.238 ms";"224.414 ms";"4837.948 ms";"2753.113 ms";"241"
"avrora.sim.mcu.DefaultMCU$Pin.write()";"0.025607148";"1274.415 ms";"1274.415 ms";"116482.691 ms";"28558.636 ms";"5520"
"java.io.RandomAccessFile.read0[native]()";"0.0223002";"1109.835 ms";"1109.835 ms";"1109.835 ms";"1109.835 ms";"54"
"java.io.WinNTFileSystem.rename0[native]()";"0.017478522";"869.87 ms";"869.87 ms";"869.87 ms";"869.87 ms";"51"
"avrora.sim.AtmelInterpreter$IORegBehavior.read()";"0.011710812";"582.823 ms";"582.823 ms";"582.823 ms";"582.823 ms";"28"
"avrora.sim.clock.DeltaQueue.insertEvent()";"0.01074939";"534.975 ms";"534.975 ms";"534.975 ms";"534.975 ms";"25"
"java.net.NetworkInterface.getAll[native]()";"0.006982487";"347.504 ms";"347.504 ms";"347.504 ms";"347.504 ms";"2"
"avrora.sim.radio.Medium$Receiver.getIntersection()";"0.0056721456";"282.291 ms";"220.078 ms";"282.291 ms";"220.078 ms";"14"
"java.io.FileOutputStream.close0[native]()";"0.005420357";"269.76 ms";"269.76 ms";"269.76 ms";"269.76 ms";"10"
"java.lang.System.identityHashCode[native]()";"0.004228244";"210.431 ms";"210.431 ms";"210.431 ms";"210.431 ms";"10"
"avrora.sim.clock.RippleSynchronizer.advance()";"0.004068784";"202.495 ms";"202.495 ms";"32246.663 ms";"32246.663 ms";"1585"
"java.net.SocketOutputStream.socketWrite0[native]()";"0.0039236303";"195.271 ms";"195.271 ms";"195.271 ms";"195.271 ms";"11"
"avrora.sim.AtmelInterpreter$IORegBehavior.write()";"0.0030844957";"153.509 ms";"153.509 ms";"116636.228 ms";"28712.146 ms";"5528"
"avrora.sim.radio.Medium$Receiver.earliestNewTransmission()";"0.0028157686";"140.135 ms";"120.533 ms";"239.791 ms";"220.189 ms";"12"
"java.lang.Long.toString()";"0.0027396753";"136.348 ms";"136.348 ms";"157.194 ms";"157.194 ms";"8"
"avrora.sim.radio.Medium$Receiver.waitForNeighbors()";"0.0027370432";"136.217 ms";"136.217 ms";"1514118.471 ms";"60093.066 ms";"36536"
"java.lang.Throwable.fillInStackTrace[native]()";"0.0026921951";"133.985 ms";"133.985 ms";"133.985 ms";"133.985 ms";"5"
"avrora.arch.legacy.LegacyInterpreter.runLoop()";"0.0024516587";"122.014 ms";"122.014 ms";"2044417.664 ms";"279343.624 ms";"348"
"avrora.sim.CodeSegment.readInstr()";"0.002394192";"119.154 ms";"119.154 ms";"119.154 ms";"119.154 ms";"6"
"avrora.sim.radio.CC1000Radio$RadioRegister.write()";"0.0020511597";"102.082 ms";"102.082 ms";"362.341 ms";"340.765 ms";"18"
"java.util.Arrays.copyOf()";"0.0020276105";"100.91 ms";"100.91 ms";"100.91 ms";"100.91 ms";"5"
"java.util.LinkedList.listIterator()";"0.0020024136";"99.656 ms";"99.656 ms";"99.656 ms";"99.656 ms";"5"
"avrora.monitors.PacketMonitor$Mon.renderPacket()";"0.0020009668";"99.584 ms";"99.584 ms";"420.41 ms";"420.41 ms";"21"
"avrora.monitors.PacketMonitor$Mon.renderByte()";"0.0019796079";"98.521 ms";"98.521 ms";"197.042 ms";"197.042 ms";"20"
"avrora.sim.radio.Medium$Probe$List.fireBeforeTransmit()";"0.0019696616";"98.026 ms";"98.026 ms";"98.026 ms";"98.026 ms";"5"
"avrora.sim.clock.MainClock.insertEvent()";"0.0017124679";"85.226 ms";"85.226 ms";"620.201 ms";"620.201 ms";"29"
"avrora.monitors.LEDMonitor$Mon.fireAfterTransition()";"0.0016833929";"83.779 ms";"83.779 ms";"114787.555 ms";"26885.078 ms";"5436"
"java.io.WinNTFileSystem.getBooleanAttributes[native]()";"0.0016570908";"82.47 ms";"82.47 ms";"82.47 ms";"82.47 ms";"4"
"sun.nio.cs.SingleByte.withResult()";"0.0015877691";"79.02 ms";"79.02 ms";"79.02 ms";"79.02 ms";"4"
"java.io.FileOutputStream.open0[native]()";"0.0012318372";"61.306 ms";"61.306 ms";"61.306 ms";"61.306 ms";"4"
"java.lang.System.setOut0[native]()";"0.0012067206";"60.056 ms";"60.056 ms";"60.056 ms";"60.056 ms";"5"
"avrora.sim.util.MulticastFSMProbe.fireBeforeTransition()";"0.0011728836";"58.372 ms";"58.372 ms";"58.372 ms";"58.372 ms";"3"
"avrora.sim.clock.DeltaQueue$Link.remove()";"0.0011705728";"58.257 ms";"58.257 ms";"58.257 ms";"58.257 ms";"3"
"sun.management.ThreadImpl.getThreadInfo1[native]()";"0.0011599435";"57.728 ms";"57.728 ms";"57.728 ms";"57.728 ms";"3"
"java.io.FileOutputStream.writeBytes[native]()";"9.881663E-4";"49.179 ms";"49.179 ms";"49.179 ms";"49.179 ms";"3"
"java.util.TreeMap.getEntry()";"8.910154E-4";"44.344 ms";"44.344 ms";"44.344 ms";"44.344 ms";"2"
"java.util.HashMap.getNode()";"8.49342E-4";"42.27 ms";"42.27 ms";"42.27 ms";"42.27 ms";"2"
"cck.text.StringUtil.toHex()";"8.432336E-4";"41.966 ms";"41.966 ms";"98.521 ms";"98.521 ms";"5"
"cck.text.StringUtil.space()";"8.427112E-4";"41.94 ms";"41.94 ms";"41.94 ms";"41.94 ms";"2"
"java.lang.Thread.start0[native]()";"8.345935E-4";"41.536 ms";"41.536 ms";"41.536 ms";"41.536 ms";"2"
"avrora.sim.radio.Medium$Probe$List.fireAfterReceive()";"7.9637615E-4";"39.634 ms";"39.634 ms";"39.634 ms";"39.634 ms";"2"
"java.lang.StringBuffer.append()";"7.9251826E-4";"39.442 ms";"39.442 ms";"122.524 ms";"122.524 ms";"6"
"avrora.sim.clock.DeltaQueue$Link.fire()";"7.8566646E-4";"39.101 ms";"39.101 ms";"1914279.867 ms";"237129.962 ms";"12671"
"avrora.arch.legacy.LegacyInterpreter.sleepLoop()";"7.851842E-4";"39.077 ms";"39.077 ms";"1841077.691 ms";"192212.906 ms";"9216"
"cck.text.StringUtil.convertToHex()";"7.7815156E-4";"38.727 ms";"38.727 ms";"56.555 ms";"56.555 ms";"3"
"java.io.WinNTFileSystem.delete0[native]()";"7.137125E-4";"35.52 ms";"35.52 ms";"35.52 ms";"35.52 ms";"5"
"java.lang.Object.clone[native]()";"4.887082E-4";"24.322 ms";"24.322 ms";"24.322 ms";"24.322 ms";"2"
"sun.management.OperatingSystemImpl.getProcessCpuTime[native]()";"4.672687E-4";"23.255 ms";"23.255 ms";"23.255 ms";"23.255 ms";"1"
"avrora.core.Program.<init>()";"4.5549404E-4";"22.669 ms";"22.669 ms";"41.994 ms";"41.994 ms";"2"
"avrora.sim.FiniteStateMachine.buildUniformTTM()";"4.4709505E-4";"22.251 ms";"22.251 ms";"22.251 ms";"22.251 ms";"1"
"avrora.arch.legacy.LegacyInstr$SBC.accept()";"4.2306352E-4";"21.055 ms";"21.055 ms";"21.055 ms";"21.055 ms";"1"
"java.lang.String.<init>()";"4.1886405E-4";"20.846 ms";"20.846 ms";"38.674 ms";"38.674 ms";"2"
"sun.misc.VM.latestUserDefinedLoader0[native]()";"4.183818E-4";"20.822 ms";"20.822 ms";"20.822 ms";"20.822 ms";"1"
"cck.text.StringUtil.toFixedFloat()";"4.1512668E-4";"20.66 ms";"20.66 ms";"20.66 ms";"20.66 ms";"1"
"com.sun.jmx.remote.internal.ServerCommunicatorAdmin.reqIncoming()";"4.1197205E-4";"20.503 ms";"20.503 ms";"20.503 ms";"20.503 ms";"1"
"avrora.sim.mcu.Timer16Bit.<init>()";"4.1050525E-4";"20.43 ms";"20.43 ms";"20.43 ms";"20.43 ms";"1"
"sun.management.GarbageCollectorImpl.getCollectionTime[native]()";"4.1000292E-4";"20.405 ms";"20.405 ms";"20.405 ms";"20.405 ms";"1"
"avrora.arch.legacy.LegacyDisassembler.decode_4()";"4.0895806E-4";"20.353 ms";"20.353 ms";"20.353 ms";"20.353 ms";"1"
"java.util.AbstractCollection.containsAll()";"4.0801367E-4";"20.306 ms";"20.306 ms";"20.306 ms";"20.306 ms";"1"
"avrora.sim.mcu.MCUProperties.getPin()";"4.062254E-4";"20.217 ms";"20.217 ms";"20.217 ms";"20.217 ms";"1"
"avrora.sim.mcu.USART$SerialPrinter.<init>()";"4.0606462E-4";"20.209 ms";"20.209 ms";"20.209 ms";"20.209 ms";"1"
"avrora.arch.legacy.LegacyDisassembler.decode_MULS_0()";"4.0566275E-4";"20.189 ms";"20.189 ms";"20.189 ms";"20.189 ms";"1"
"java.io.FileInputStream.open0[native]()";"4.0355296E-4";"20.084 ms";"20.084 ms";"20.084 ms";"20.084 ms";"1"
"java.lang.AbstractStringBuilder.<init>()";"4.0270906E-4";"20.042 ms";"20.042 ms";"20.042 ms";"20.042 ms";"1"
"java.lang.Class.forName0[native]()";"4.002376E-4";"19.919 ms";"19.919 ms";"19.919 ms";"19.919 ms";"1"
"java.io.ObjectOutputStream$BlockDataOutputStream.writeBytes()";"3.9762547E-4";"19.789 ms";"19.789 ms";"19.789 ms";"19.789 ms";"1"
"java.lang.Thread.setPriority0[native]()";"3.9625913E-4";"19.721 ms";"19.721 ms";"19.721 ms";"19.721 ms";"1"
"avrora.arch.legacy.LegacyArchitecture.newInstrArray()";"3.882821E-4";"19.324 ms";"19.324 ms";"19.324 ms";"19.324 ms";"1"
"java.util.TreeMap.fixAfterInsertion()";"3.802649E-4";"18.925 ms";"18.925 ms";"18.925 ms";"18.925 ms";"1"
"java.security.AccessController.doPrivileged[native]()";"3.74257E-4";"18.626 ms";"18.626 ms";"746105.583 ms";"746105.583 ms";"123"
"sun.management.ThreadImpl.verifyThreadIds()";"3.5950856E-4";"17.892 ms";"17.892 ms";"17.892 ms";"17.892 ms";"1"
"com.sun.jmx.remote.internal.ServerCommunicatorAdmin.rspOutgoing()";"3.456643E-4";"17.203 ms";"17.203 ms";"17.203 ms";"17.203 ms";"1"
"java.lang.String.intern[native]()";"2.5994645E-4";"12.937 ms";"12.937 ms";"12.937 ms";"12.937 ms";"1"
"java.util.Properties.setProperty()";"1.7678048E-4";"8.798 ms";"8.798 ms";"8.798 ms";"8.798 ms";"1"
"org.dacapo.harness.TeeOutputStream.version()";"1.6920532E-4";"8.421 ms";"8.421 ms";"878.291 ms";"878.291 ms";"52"
"java.lang.System.currentTimeMillis[native]()";"6.5544205E-5";"3.262 ms";"3.262 ms";"3.262 ms";"3.262 ms";"1"
"java.lang.Object.wait()";"0.0";"0.0 ms";"0.0 ms";"1759460.306 ms";"0.0 ms";"51552"
"avrora.sim.clock.RippleSynchronizer.waitForLink()";"0.0";"0.0 ms";"0.0 ms";"1415086.428 ms";"0.0 ms";"51551"
"avrora.sim.radio.Medium$Receiver.access$000()";"0.0";"0.0 ms";"0.0 ms";"1514118.471 ms";"60093.066 ms";"36536"
"avrora.sim.clock.RippleSynchronizer.waitFor()";"0.0";"0.0 ms";"0.0 ms";"1415086.428 ms";"0.0 ms";"35678"
"avrora.sim.radio.Medium$Receiver$Ticker.fireUnlocked()";"0.0";"0.0 ms";"0.0 ms";"1262290.782 ms";"46605.982 ms";"24998"
"avrora.sim.radio.Medium$Receiver$Ticker.fireLocked()";"0.0";"0.0 ms";"0.0 ms";"614544.667 ms";"156559.268 ms";"23071"
"java.io.PrintStream.write()";"0.0";"0.0 ms";"0.0 ms";"198275.581 ms";"198275.581 ms";"19023"
"avrora.sim.radio.Medium$Receiver$Ticker.deliverByte()";"0.0";"0.0 ms";"0.0 ms";"362476.971 ms";"142851.861 ms";"15773"
"avrora.monitors.PacketMonitor$Mon.fireAfterReceiveEnd()";"0.0";"0.0 ms";"0.0 ms";"362275.625 ms";"142691.155 ms";"15767"
"avrora.sim.radio.Medium$Probe$List.fireAfterReceiveEnd()";"0.0";"0.0 ms";"0.0 ms";"362275.625 ms";"142691.155 ms";"15767"
"avrora.sim.radio.Medium$Receiver$Ticker.fire()";"0.0";"0.0 ms";"0.0 ms";"1876835.63 ms";"203165.438 ms";"11473"
"sun.nio.cs.StreamEncoder.flushBuffer()";"0.0";"0.0 ms";"0.0 ms";"198196.558 ms";"198196.558 ms";"9587"
"sun.nio.cs.StreamEncoder.writeBytes()";"0.0";"0.0 ms";"0.0 ms";"198196.558 ms";"198196.558 ms";"9587"
"java.io.FileOutputStream.write()";"0.0";"0.0 ms";"0.0 ms";"198196.558 ms";"198196.558 ms";"9587"
"java.io.OutputStreamWriter.flushBuffer()";"0.0";"0.0 ms";"0.0 ms";"198196.558 ms";"198196.558 ms";"9587"
"sun.nio.cs.StreamEncoder.implFlushBuffer()";"0.0";"0.0 ms";"0.0 ms";"198196.558 ms";"198196.558 ms";"9587"
"java.io.FilterOutputStream.write()";"0.0";"0.0 ms";"0.0 ms";"198147.379 ms";"198147.379 ms";"9584"
"org.dacapo.harness.TeeOutputStream.write()";"0.0";"0.0 ms";"0.0 ms";"198147.379 ms";"198147.379 ms";"9584"
"java.io.PrintStream.println()";"0.0";"0.0 ms";"0.0 ms";"197531.805 ms";"197531.805 ms";"9541"
"cck.text.Terminal.println()";"0.0";"0.0 ms";"0.0 ms";"197504.464 ms";"197504.464 ms";"9539"
"java.io.PrintStream.print()";"0.0";"0.0 ms";"0.0 ms";"195195.077 ms";"195195.077 ms";"9436"
"avrora.sim.clock.DeltaQueue.skipAhead()";"0.0";"0.0 ms";"0.0 ms";"1841038.613 ms";"192173.828 ms";"9218"
"avrora.sim.clock.MainClock.skipAhead()";"0.0";"0.0 ms";"0.0 ms";"1841038.613 ms";"192173.828 ms";"9218"
"avrora.arch.legacy.LegacyInterpreter.visit()";"0.0";"0.0 ms";"0.0 ms";"117338.207 ms";"29414.125 ms";"5562"
"avrora.sim.AtmelInterpreter.writeSRAM()";"0.0";"0.0 ms";"0.0 ms";"116636.228 ms";"28712.146 ms";"5528"
"avrora.sim.AtmelInterpreter.writeVolatile()";"0.0";"0.0 ms";"0.0 ms";"116636.228 ms";"28712.146 ms";"5528"
"avrora.sim.AtmelInterpreter.setIORegBit()";"0.0";"0.0 ms";"0.0 ms";"116628.516 ms";"28704.434 ms";"5527"
"avrora.sim.platform.LED.write()";"0.0";"0.0 ms";"0.0 ms";"114845.928 ms";"26943.451 ms";"5438"
"avrora.sim.FiniteStateMachine.transition()";"0.0";"0.0 ms";"0.0 ms";"114845.928 ms";"26943.451 ms";"5438"
"avrora.sim.FiniteStateMachine.fireAfter()";"0.0";"0.0 ms";"0.0 ms";"114787.555 ms";"26885.078 ms";"5436"
"avrora.sim.util.MulticastFSMProbe.fireAfterTransition()";"0.0";"0.0 ms";"0.0 ms";"114787.555 ms";"26885.078 ms";"5436"
"avrora.sim.mcu.ATMegaFamily$PortRegister.write()";"0.0";"0.0 ms";"0.0 ms";"114086.966 ms";"27996.743 ms";"5399"
"avrora.sim.clock.DeltaQueue.advanceSlow()";"0.0";"0.0 ms";"0.0 ms";"73241.254 ms";"44956.134 ms";"3453"
"avrora.sim.clock.MainClock.advance()";"0.0";"0.0 ms";"0.0 ms";"73241.254 ms";"44956.134 ms";"3453"
"avrora.sim.clock.DeltaQueue.advance()";"0.0";"0.0 ms";"0.0 ms";"73241.254 ms";"44956.134 ms";"3453"
"avrora.sim.AtmelInterpreter.commit()";"0.0";"0.0 ms";"0.0 ms";"73201.938 ms";"44916.818 ms";"3451"
"avrora.arch.legacy.LegacyInstr$CBI.accept()";"0.0";"0.0 ms";"0.0 ms";"59595.27 ms";"15748.741 ms";"2839"
"avrora.arch.legacy.LegacyInstr$SBI.accept()";"0.0";"0.0 ms";"0.0 ms";"57033.246 ms";"12955.693 ms";"2688"
"avrora.sim.radio.Medium$Transmitter$Ticker.fire()";"0.0";"0.0 ms";"0.0 ms";"31913.606 ms";"30518.798 ms";"1592"
"avrora.monitors.PacketMonitor$Mon.fireBeforeTransmitEnd()";"0.0";"0.0 ms";"0.0 ms";"31815.58 ms";"30420.772 ms";"1587"
"avrora.sim.radio.Medium$Probe$List.fireBeforeTransmitEnd()";"0.0";"0.0 ms";"0.0 ms";"31815.58 ms";"30420.772 ms";"1587"
"avrora.sim.clock.RippleSynchronizer.notifyLink()";"0.0";"0.0 ms";"0.0 ms";"32044.165 ms";"32044.165 ms";"1576"
"java.util.HashMap.get()";"0.0";"0.0 ms";"0.0 ms";"26034.649 ms";"26034.649 ms";"1239"
"java.util.HashMap.hash()";"0.0";"0.0 ms";"0.0 ms";"25992.379 ms";"25992.379 ms";"1237"
"sun.reflect.DelegatingMethodAccessorImpl.invoke()";"0.0";"0.0 ms";"0.0 ms";"689290.046 ms";"348541.078 ms";"424"
"java.lang.reflect.Method.invoke()";"0.0";"0.0 ms";"0.0 ms";"689290.046 ms";"348541.078 ms";"424"
"avrora.sim.AtmelInterpreter.start()";"0.0";"0.0 ms";"0.0 ms";"2044417.664 ms";"279343.624 ms";"348"
"avrora.sim.Simulator.start()";"0.0";"0.0 ms";"0.0 ms";"2044417.664 ms";"279343.624 ms";"348"
"avrora.sim.SimulatorThread.run()";"0.0";"0.0 ms";"0.0 ms";"2044446.322 ms";"279343.624 ms";"348"
"java.net.SocketInputStream.read()";"0.0";"0.0 ms";"0.0 ms";"400973.501 ms";"400973.501 ms";"246"
"sun.rmi.transport.Transport$1.run()";"0.0";"0.0 ms";"0.0 ms";"345035.445 ms";"345035.445 ms";"238"
"com.sun.jmx.mbeanserver.MXBeanIntrospector.invokeM2()";"0.0";"0.0 ms";"0.0 ms";"344576.734 ms";"344576.734 ms";"234"
"com.sun.jmx.mbeanserver.ConvertingMethod.invokeWithOpenReturn()";"0.0";"0.0 ms";"0.0 ms";"344576.734 ms";"344576.734 ms";"234"
"java.io.PrintStream.newLine()";"0.0";"0.0 ms";"0.0 ms";"3080.504 ms";"3080.504 ms";"155"
"avrora.sim.clock.RippleSynchronizer.access$000()";"0.0";"0.0 ms";"0.0 ms";"2528.699 ms";"2528.699 ms";"126"
"java.io.BufferedInputStream.read()";"0.0";"0.0 ms";"0.0 ms";"400973.501 ms";"400973.501 ms";"123"
"java.io.BufferedInputStream.fill()";"0.0";"0.0 ms";"0.0 ms";"400973.501 ms";"400973.501 ms";"123"
"java.net.SocketInputStream.socketRead()";"0.0";"0.0 ms";"0.0 ms";"400973.501 ms";"400973.501 ms";"123"
"java.io.FilterInputStream.read()";"0.0";"0.0 ms";"0.0 ms";"400973.501 ms";"400973.501 ms";"123"
"avrora.sim.mcu.DefaultMCU$Pin.setOutputDir()";"0.0";"0.0 ms";"0.0 ms";"2395.725 ms";"561.893 ms";"121"
"avrora.sim.mcu.ATMegaFamily$DirectionRegister.write()";"0.0";"0.0 ms";"0.0 ms";"2395.725 ms";"561.893 ms";"121"
"javax.management.remote.rmi.RMIConnectionImpl.doPrivilegedOperation()";"0.0";"0.0 ms";"0.0 ms";"344627.377 ms";"344627.377 ms";"120"
"sun.rmi.server.UnicastServerRef.dispatch()";"0.0";"0.0 ms";"0.0 ms";"345035.445 ms";"345035.445 ms";"119"
"sun.rmi.transport.Transport.serviceCall()";"0.0";"0.0 ms";"0.0 ms";"345054.071 ms";"345054.071 ms";"119"
"javax.management.remote.rmi.RMIConnectionImpl$PrivilegedOperation.run()";"0.0";"0.0 ms";"0.0 ms";"344589.671 ms";"344589.671 ms";"118"
"javax.management.remote.rmi.RMIConnectionImpl.access$300()";"0.0";"0.0 ms";"0.0 ms";"344589.671 ms";"344589.671 ms";"118"
"javax.management.remote.rmi.RMIConnectionImpl.doOperation()";"0.0";"0.0 ms";"0.0 ms";"344589.671 ms";"344589.671 ms";"118"
"com.sun.jmx.mbeanserver.MBeanIntrospector.invokeM()";"0.0";"0.0 ms";"0.0 ms";"344576.734 ms";"344576.734 ms";"117"
"sun.reflect.GeneratedMethodAccessor1.invoke()";"0.0";"0.0 ms";"0.0 ms";"344493.159 ms";"344493.159 ms";"117"
"sun.management.ThreadImpl.dumpAllThreads()";"0.0";"0.0 ms";"0.0 ms";"344373.877 ms";"344373.877 ms";"117"
"sun.reflect.misc.Trampoline.invoke()";"0.0";"0.0 ms";"0.0 ms";"344493.159 ms";"344493.159 ms";"117"
"sun.reflect.misc.MethodUtil.invoke()";"0.0";"0.0 ms";"0.0 ms";"344493.159 ms";"344493.159 ms";"117"
"java.lang.Thread.join()";"0.0";"0.0 ms";"0.0 ms";"340748.967 ms";"0.0 ms";"116"
"sun.reflect.GeneratedMethodAccessor37.invoke()";"0.0";"0.0 ms";"0.0 ms";"344076.96 ms";"344076.96 ms";"116"
"com.sun.jmx.mbeanserver.PerInterface.invoke()";"0.0";"0.0 ms";"0.0 ms";"344533.074 ms";"344533.074 ms";"115"
"com.sun.jmx.mbeanserver.JmxMBeanServer.invoke()";"0.0";"0.0 ms";"0.0 ms";"344533.074 ms";"344533.074 ms";"115"
"com.sun.jmx.mbeanserver.MBeanSupport.invoke()";"0.0";"0.0 ms";"0.0 ms";"344533.074 ms";"344533.074 ms";"115"
"javax.management.StandardMBean.invoke()";"0.0";"0.0 ms";"0.0 ms";"344533.074 ms";"344533.074 ms";"115"
"com.sun.jmx.interceptor.DefaultMBeanServerInterceptor.invoke()";"0.0";"0.0 ms";"0.0 ms";"344533.074 ms";"344533.074 ms";"115"
"sun.reflect.GeneratedMethodAccessor32.invoke()";"0.0";"0.0 ms";"0.0 ms";"344553.897 ms";"344553.897 ms";"115"
"javax.management.remote.rmi.RMIConnectionImpl.invoke()";"0.0";"0.0 ms";"0.0 ms";"344553.897 ms";"344553.897 ms";"115"
"avrora.sim.clock.RippleSynchronizer.join()";"0.0";"0.0 ms";"0.0 ms";"340748.967 ms";"0.0 ms";"58"
"org.dacapo.harness.Avrora.iterate()";"0.0";"0.0 ms";"0.0 ms";"342965.016 ms";"2216.047 ms";"58"
"avrora.Main.main()";"0.0";"0.0 ms";"0.0 ms";"342965.015 ms";"2216.047 ms";"58"
"avrora.Main.runAction()";"0.0";"0.0 ms";"0.0 ms";"342965.015 ms";"2216.047 ms";"58"
"avrora.actions.SimAction.run()";"0.0";"0.0 ms";"0.0 ms";"342868.437 ms";"2119.468 ms";"58"
"avrora.sim.Simulation.join()";"0.0";"0.0 ms";"0.0 ms";"340748.967 ms";"0.0 ms";"58"
"avrora.sim.types.SensorSimulation.createNodes()";"0.0";"0.0 ms";"0.0 ms";"1688.22 ms";"1688.22 ms";"57"
"avrora.Main.loadProgram()";"0.0";"0.0 ms";"0.0 ms";"1688.22 ms";"1688.22 ms";"57"
"avrora.core.LoadableProgram.load()";"0.0";"0.0 ms";"0.0 ms";"1688.22 ms";"1688.22 ms";"57"
"avrora.sim.types.SensorSimulation.process()";"0.0";"0.0 ms";"0.0 ms";"1708.678 ms";"1708.678 ms";"57"
"org.dacapo.harness.Benchmark.startIteration()";"0.0";"0.0 ms";"0.0 ms";"1012.942 ms";"1012.942 ms";"57"
"java.io.ObjectOutputStream.writeObject0()";"0.0";"0.0 ms";"0.0 ms";"267.966 ms";"267.966 ms";"56"
"cck.elf.ELFDataInputStream.read_1()";"0.0";"0.0 ms";"0.0 ms";"1109.835 ms";"1109.835 ms";"54"
"java.io.RandomAccessFile.read()";"0.0";"0.0 ms";"0.0 ms";"1109.835 ms";"1109.835 ms";"54"
"org.dacapo.harness.TeePrintStream.version()";"0.0";"0.0 ms";"0.0 ms";"878.291 ms";"878.291 ms";"52"
"java.io.WinNTFileSystem.rename()";"0.0";"0.0 ms";"0.0 ms";"869.87 ms";"869.87 ms";"51"
"java.io.File.renameTo()";"0.0";"0.0 ms";"0.0 ms";"869.87 ms";"869.87 ms";"51"
"avrora.syntax.elf.ELFParser.read()";"0.0";"0.0 ms";"0.0 ms";"1255.638 ms";"1255.638 ms";"50"
"avrora.Defaults$AutoProgramReader.read()";"0.0";"0.0 ms";"0.0 ms";"1255.638 ms";"1255.638 ms";"50"
"sun.reflect.GeneratedMethodAccessor42.invoke()";"0.0";"0.0 ms";"0.0 ms";"262161.92 ms";"1614.379 ms";"44"
"avrora.syntax.elf.ELFParser.loadSymbolTables()";"0.0";"0.0 ms";"0.0 ms";"890.906 ms";"890.906 ms";"42"
"cck.elf.ELFLoader.readSymbolTables()";"0.0";"0.0 ms";"0.0 ms";"890.906 ms";"890.906 ms";"42"
"cck.elf.ELFSymbolTable.read()";"0.0";"0.0 ms";"0.0 ms";"890.906 ms";"890.906 ms";"42"
"cck.elf.ELFDataInputStream.read_4()";"0.0";"0.0 ms";"0.0 ms";"859.033 ms";"859.033 ms";"42"
"cck.elf.ELFDataInputStream.read_Elf32_Word()";"0.0";"0.0 ms";"0.0 ms";"637.848 ms";"637.848 ms";"31"
"java.io.ObjectOutputStream.writeOrdinaryObject()";"0.0";"0.0 ms";"0.0 ms";"267.966 ms";"267.966 ms";"30"
"java.io.ObjectOutputStream.writeSerialData()";"0.0";"0.0 ms";"0.0 ms";"267.966 ms";"267.966 ms";"29"
"avrora.sim.AtmelInterpreter.readVolatile()";"0.0";"0.0 ms";"0.0 ms";"582.823 ms";"582.823 ms";"28"
"cck.text.Terminal.print()";"0.0";"0.0 ms";"0.0 ms";"581.971 ms";"581.971 ms";"28"
"avrora.sim.AtmelInterpreter.readSRAM()";"0.0";"0.0 ms";"0.0 ms";"582.823 ms";"582.823 ms";"28"
"java.io.ObjectOutputStream.writeObject()";"0.0";"0.0 ms";"0.0 ms";"267.966 ms";"267.966 ms";"26"
"cck.text.Terminal.outputColor()";"0.0";"0.0 ms";"0.0 ms";"510.485 ms";"510.485 ms";"25"
"avrora.sim.AtmelInterpreter.getIORegisterByte()";"0.0";"0.0 ms";"0.0 ms";"458.65 ms";"458.65 ms";"22"
"avrora.arch.legacy.LegacyInstr$IN.accept()";"0.0";"0.0 ms";"0.0 ms";"458.65 ms";"458.65 ms";"22"
"cck.text.Status.begin()";"0.0";"0.0 ms";"0.0 ms";"410.984 ms";"410.984 ms";"20"
"avrora.sim.radio.CC1000Radio$SerialConfigurationInterface.access$200()";"0.0";"0.0 ms";"0.0 ms";"362.341 ms";"340.765 ms";"18"
"avrora.sim.radio.CC1000Radio$SerialConfigurationInterface$PCLKOutput.write()";"0.0";"0.0 ms";"0.0 ms";"362.341 ms";"340.765 ms";"18"
"avrora.sim.radio.CC1000Radio$SerialConfigurationInterface.clockInBit()";"0.0";"0.0 ms";"0.0 ms";"362.341 ms";"340.765 ms";"18"
"sun.reflect.NativeMethodAccessorImpl.invoke()";"0.0";"0.0 ms";"0.0 ms";"344670.795 ms";"3921.827 ms";"16"
"java.io.ObjectOutputStream.defaultWriteFields()";"0.0";"0.0 ms";"0.0 ms";"267.966 ms";"267.966 ms";"16"
"sun.reflect.NativeMethodAccessorImpl.invoke0[native]()";"0.0";"0.0 ms";"0.0 ms";"344670.795 ms";"3921.827 ms";"16"
"cck.text.StringUtil.justify()";"0.0";"0.0 ms";"0.0 ms";"238.576 ms";"238.576 ms";"16"
"java.io.ObjectOutputStream.writeArray()";"0.0";"0.0 ms";"0.0 ms";"267.966 ms";"267.966 ms";"15"
"java.io.BufferedOutputStream.flushBuffer()";"0.0";"0.0 ms";"0.0 ms";"244.45 ms";"244.45 ms";"14"
"avrora.sim.radio.Medium$Receiver.access$200()";"0.0";"0.0 ms";"0.0 ms";"282.291 ms";"220.078 ms";"14"
"avrora.sim.radio.CC1000Radio$SPITicker.fire()";"0.0";"0.0 ms";"0.0 ms";"292.181 ms";"292.181 ms";"14"
"java.util.TreeMap.writeObject()";"0.0";"0.0 ms";"0.0 ms";"267.965 ms";"267.965 ms";"13"
"avrora.sim.output.SimPrinter.getBuffer()";"0.0";"0.0 ms";"0.0 ms";"258.618 ms";"258.618 ms";"13"
"sun.rmi.server.UnicastRef.marshalValue()";"0.0";"0.0 ms";"0.0 ms";"267.966 ms";"267.966 ms";"13"
"sun.reflect.GeneratedMethodAccessor3.invoke()";"0.0";"0.0 ms";"0.0 ms";"267.965 ms";"267.965 ms";"13"
"avrora.sim.radio.CC1000Radio$MainRegister.decode()";"0.0";"0.0 ms";"0.0 ms";"260.259 ms";"238.683 ms";"13"
"java.io.ObjectStreamClass.invokeWriteObject()";"0.0";"0.0 ms";"0.0 ms";"267.965 ms";"267.965 ms";"13"
"avrora.sim.util.SimUtil.getIDTimeString()";"0.0";"0.0 ms";"0.0 ms";"238.576 ms";"238.576 ms";"12"
"avrora.sim.radio.Medium$Receiver.access$100()";"0.0";"0.0 ms";"0.0 ms";"239.791 ms";"220.189 ms";"12"
"avrora.sim.util.SimUtil.toIDTimeString()";"0.0";"0.0 ms";"0.0 ms";"238.576 ms";"238.576 ms";"12"
"java.io.BufferedOutputStream.flush()";"0.0";"0.0 ms";"0.0 ms";"206.706 ms";"206.706 ms";"12"
"avrora.sim.mcu.Timer8Bit.tickerFinish()";"0.0";"0.0 ms";"0.0 ms";"246.605 ms";"246.605 ms";"11"
"avrora.sim.clock.DerivedClock.insertEvent()";"0.0";"0.0 ms";"0.0 ms";"246.605 ms";"246.605 ms";"11"
"java.net.SocketOutputStream.write()";"0.0";"0.0 ms";"0.0 ms";"195.271 ms";"195.271 ms";"11"
"java.net.SocketOutputStream.socketWrite()";"0.0";"0.0 ms";"0.0 ms";"195.271 ms";"195.271 ms";"11"
"avrora.sim.mcu.Timer8Bit$Mode_CTC.fire()";"0.0";"0.0 ms";"0.0 ms";"246.605 ms";"246.605 ms";"11"
"avrora.sim.mcu.Timer8Bit.access$100()";"0.0";"0.0 ms";"0.0 ms";"246.605 ms";"246.605 ms";"11"
"org.dacapo.harness.TeeOutputStream.closeLog()";"0.0";"0.0 ms";"0.0 ms";"269.76 ms";"269.76 ms";"10"
"avrora.sim.radio.Medium$Receiver.endReceive()";"0.0";"0.0 ms";"0.0 ms";"199.357 ms";"177.781 ms";"10"
"com.sun.jmx.mbeanserver.DefaultMXBeanMappingFactory$NonNullMXBeanMapping.toOpenValue()";"0.0";"0.0 ms";"0.0 ms";"83.575 ms";"83.575 ms";"10"
"java.io.ObjectOutputStream$HandleTable.hash()";"0.0";"0.0 ms";"0.0 ms";"210.431 ms";"210.431 ms";"10"
"java.io.FileDescriptor.closeAll()";"0.0";"0.0 ms";"0.0 ms";"269.76 ms";"269.76 ms";"10"
"java.io.FileOutputStream$1.close()";"0.0";"0.0 ms";"0.0 ms";"269.76 ms";"269.76 ms";"10"
"java.io.ObjectOutputStream$HandleTable.lookup()";"0.0";"0.0 ms";"0.0 ms";"210.431 ms";"210.431 ms";"10"
"org.dacapo.harness.Benchmark.stopIteration()";"0.0";"0.0 ms";"0.0 ms";"269.76 ms";"269.76 ms";"10"
"org.dacapo.harness.TeePrintStream.closeLog()";"0.0";"0.0 ms";"0.0 ms";"269.76 ms";"269.76 ms";"10"
"java.io.FileOutputStream.access$000()";"0.0";"0.0 ms";"0.0 ms";"269.76 ms";"269.76 ms";"10"
"cck.elf.ELFDataInputStream.read_Elf32_Addr()";"0.0";"0.0 ms";"0.0 ms";"202.051 ms";"202.051 ms";"10"
"java.io.FileOutputStream.close()";"0.0";"0.0 ms";"0.0 ms";"269.76 ms";"269.76 ms";"10"
"cck.elf.ELFSectionHeaderTable.read()";"0.0";"0.0 ms";"0.0 ms";"178.311 ms";"178.311 ms";"9"
"cck.elf.ELFLoader.readSHT()";"0.0";"0.0 ms";"0.0 ms";"178.311 ms";"178.311 ms";"9"
"avrora.actions.SimAction.printSimHeader()";"0.0";"0.0 ms";"0.0 ms";"170.261 ms";"170.261 ms";"8"
"java.io.FileOutputStream.<init>()";"0.0";"0.0 ms";"0.0 ms";"61.306 ms";"61.306 ms";"8"
"cck.elf.ELFDataInputStream.read_Elf32_Half()";"0.0";"0.0 ms";"0.0 ms";"169.378 ms";"169.378 ms";"8"
"cck.elf.ELFDataInputStream.read_2()";"0.0";"0.0 ms";"0.0 ms";"169.378 ms";"169.378 ms";"8"
"avrora.arch.legacy.LegacyInstr$OUT.accept()";"0.0";"0.0 ms";"0.0 ms";"131.887 ms";"131.887 ms";"7"
"java.lang.Thread.run()";"0.0";"0.0 ms";"0.0 ms";"1899226.04 ms";"746453.087 ms";"7"
"avrora.sim.Simulation.start()";"0.0";"0.0 ms";"0.0 ms";"144.366 ms";"144.366 ms";"7"
"avrora.sim.AtmelInterpreter.writeIORegisterByte()";"0.0";"0.0 ms";"0.0 ms";"131.887 ms";"131.887 ms";"7"
"org.dacapo.harness.Benchmark.postIterationCleanup()";"0.0";"0.0 ms";"0.0 ms";"53.631 ms";"53.631 ms";"6"
"org.dacapo.harness.Benchmark.postIteration()";"0.0";"0.0 ms";"0.0 ms";"53.631 ms";"53.631 ms";"6"
"avrora.sim.AtmelInterpreter.getInstr()";"0.0";"0.0 ms";"0.0 ms";"119.154 ms";"119.154 ms";"6"
"avrora.sim.AtmelInterpreter.getInstrSize()";"0.0";"0.0 ms";"0.0 ms";"119.154 ms";"119.154 ms";"6"
"org.dacapo.harness.Benchmark.deleteFile()";"0.0";"0.0 ms";"0.0 ms";"53.631 ms";"53.631 ms";"6"
"java.lang.Exception.<init>()";"0.0";"0.0 ms";"0.0 ms";"133.985 ms";"133.985 ms";"5"
"java.io.ObjectOutputStream.flush()";"0.0";"0.0 ms";"0.0 ms";"79.519 ms";"79.519 ms";"5"
"sun.rmi.transport.StreamRemoteCall.releaseOutputStream()";"0.0";"0.0 ms";"0.0 ms";"79.519 ms";"79.519 ms";"5"
"avrora.Main.title()";"0.0";"0.0 ms";"0.0 ms";"96.578 ms";"96.578 ms";"5"
"avrora.Main.banner()";"0.0";"0.0 ms";"0.0 ms";"96.578 ms";"96.578 ms";"5"
"com.sun.jmx.mbeanserver.DefaultMXBeanMappingFactory$CompositeMapping.toNonNullOpenValue()";"0.0";"0.0 ms";"0.0 ms";"83.575 ms";"83.575 ms";"5"
"com.sun.jmx.mbeanserver.DefaultMXBeanMappingFactory$ArrayMapping.toNonNullOpenValue()";"0.0";"0.0 ms";"0.0 ms";"83.575 ms";"83.575 ms";"5"
"avrora.syntax.elf.ELFParser.loadSections()";"0.0";"0.0 ms";"0.0 ms";"101.895 ms";"101.895 ms";"5"
"java.lang.System.setOut()";"0.0";"0.0 ms";"0.0 ms";"60.056 ms";"60.056 ms";"5"
"java.io.WinNTFileSystem.delete()";"0.0";"0.0 ms";"0.0 ms";"35.52 ms";"35.52 ms";"5"
"java.util.concurrent.ThreadPoolExecutor.runWorker()";"0.0";"0.0 ms";"0.0 ms";"1210478.284 ms";"746105.583 ms";"5"
"java.util.concurrent.ThreadPoolExecutor$Worker.run()";"0.0";"0.0 ms";"0.0 ms";"1210478.284 ms";"746105.583 ms";"5"
"avrora.sim.Simulation.instantiateNodes()";"0.0";"0.0 ms";"0.0 ms";"102.83 ms";"102.83 ms";"5"
"java.io.File.delete()";"0.0";"0.0 ms";"0.0 ms";"35.52 ms";"35.52 ms";"5"
"avrora.sim.types.SensorSimulation$SensorNode.createNode()";"0.0";"0.0 ms";"0.0 ms";"102.83 ms";"102.83 ms";"5"
"avrora.sim.types.SensorSimulation$SensorNode.instantiate()";"0.0";"0.0 ms";"0.0 ms";"102.83 ms";"102.83 ms";"5"
"avrora.monitors.PacketMonitor$Mon.appendTime()";"0.0";"0.0 ms";"0.0 ms";"103.742 ms";"103.742 ms";"5"
"java.io.ObjectOutputStream$BlockDataOutputStream.flush()";"0.0";"0.0 ms";"0.0 ms";"79.519 ms";"79.519 ms";"5"
"javax.management.openmbean.CompositeDataSupport.<init>()";"0.0";"0.0 ms";"0.0 ms";"83.575 ms";"83.575 ms";"5"
"java.util.AbstractList.listIterator()";"0.0";"0.0 ms";"0.0 ms";"99.656 ms";"99.656 ms";"5"
"java.util.AbstractSequentialList.iterator()";"0.0";"0.0 ms";"0.0 ms";"99.656 ms";"99.656 ms";"5"
"java.lang.Throwable.fillInStackTrace()";"0.0";"0.0 ms";"0.0 ms";"133.985 ms";"133.985 ms";"5"
"java.lang.Throwable.<init>()";"0.0";"0.0 ms";"0.0 ms";"133.985 ms";"133.985 ms";"5"
"sun.rmi.transport.tcp.TCPTransport$ConnectionHandler.run()";"0.0";"0.0 ms";"0.0 ms";"746105.583 ms";"746105.583 ms";"4"
"sun.rmi.transport.tcp.TCPTransport$ConnectionHandler$$Lambda$3.1723803415.run()";"0.0";"0.0 ms";"0.0 ms";"746105.583 ms";"746105.583 ms";"4"
"sun.rmi.transport.tcp.TCPTransport$ConnectionHandler.lambda$run$0()";"0.0";"0.0 ms";"0.0 ms";"746105.583 ms";"746105.583 ms";"4"
"sun.rmi.transport.tcp.TCPConnection.releaseOutputStream()";"0.0";"0.0 ms";"0.0 ms";"78.008 ms";"78.008 ms";"4"
"java.io.File.exists()";"0.0";"0.0 ms";"0.0 ms";"82.47 ms";"82.47 ms";"4"
"org.dacapo.harness.Callback.complete()";"0.0";"0.0 ms";"0.0 ms";"43.948 ms";"43.948 ms";"4"
"java.lang.AbstractStringBuilder.append()";"0.0";"0.0 ms";"0.0 ms";"83.082 ms";"83.082 ms";"4"
"sun.rmi.transport.tcp.TCPTransport$ConnectionHandler.run0()";"0.0";"0.0 ms";"0.0 ms";"746105.583 ms";"746105.583 ms";"4"
"sun.rmi.transport.tcp.TCPTransport.handleMessages()";"0.0";"0.0 ms";"0.0 ms";"746105.583 ms";"746105.583 ms";"4"
"java.lang.AbstractStringBuilder.ensureCapacityInternal()";"0.0";"0.0 ms";"0.0 ms";"83.082 ms";"83.082 ms";"4"
"cck.text.TermUtil.printSeparator()";"0.0";"0.0 ms";"0.0 ms";"86.14 ms";"86.14 ms";"4"
"sun.nio.cs.SingleByte.access$000()";"0.0";"0.0 ms";"0.0 ms";"79.02 ms";"79.02 ms";"4"
"sun.nio.cs.SingleByte$Encoder.encodeArrayLoop()";"0.0";"0.0 ms";"0.0 ms";"79.02 ms";"79.02 ms";"4"
"sun.nio.cs.StreamEncoder.implWrite()";"0.0";"0.0 ms";"0.0 ms";"79.02 ms";"79.02 ms";"4"
"sun.nio.cs.StreamEncoder.write()";"0.0";"0.0 ms";"0.0 ms";"79.02 ms";"79.02 ms";"4"
"java.io.OutputStreamWriter.write()";"0.0";"0.0 ms";"0.0 ms";"79.02 ms";"79.02 ms";"4"
"java.io.BufferedWriter.flushBuffer()";"0.0";"0.0 ms";"0.0 ms";"79.02 ms";"79.02 ms";"4"
"org.dacapo.harness.TeePrintStream.openLog()";"0.0";"0.0 ms";"0.0 ms";"61.306 ms";"61.306 ms";"4"
"org.dacapo.harness.TeeOutputStream.openLog()";"0.0";"0.0 ms";"0.0 ms";"61.306 ms";"61.306 ms";"4"
"org.dacapo.harness.TeeOutputStream.newLog()";"0.0";"0.0 ms";"0.0 ms";"61.306 ms";"61.306 ms";"4"
"sun.nio.cs.SingleByte$Encoder.encodeLoop()";"0.0";"0.0 ms";"0.0 ms";"79.02 ms";"79.02 ms";"4"
"java.nio.charset.CharsetEncoder.encode()";"0.0";"0.0 ms";"0.0 ms";"79.02 ms";"79.02 ms";"4"
"java.io.FileOutputStream.open()";"0.0";"0.0 ms";"0.0 ms";"61.306 ms";"61.306 ms";"4"
"sun.management.ThreadImpl.getThreadInfo()";"0.0";"0.0 ms";"0.0 ms";"75.62 ms";"75.62 ms";"4"
"sun.reflect.GeneratedMethodAccessor41.invoke()";"0.0";"0.0 ms";"0.0 ms";"75.62 ms";"75.62 ms";"4"
"java.lang.RuntimeException.<init>()";"0.0";"0.0 ms";"0.0 ms";"114.628 ms";"114.628 ms";"4"
"avrora.actions.SimAction$TimeoutException.<init>()";"0.0";"0.0 ms";"0.0 ms";"114.628 ms";"114.628 ms";"4"
"avrora.sim.util.ClockCycleTimeout.fire()";"0.0";"0.0 ms";"0.0 ms";"114.628 ms";"114.628 ms";"4"
"avrora.actions.SimAction.exitSimulation()";"0.0";"0.0 ms";"0.0 ms";"96.159 ms";"96.159 ms";"4"
"avrora.actions.SimAction.report()";"0.0";"0.0 ms";"0.0 ms";"96.159 ms";"96.159 ms";"4"
"avrora.arch.legacy.LegacyInstr$SBRC.accept()";"0.0";"0.0 ms";"0.0 ms";"78.154 ms";"78.154 ms";"4"
"avrora.actions.SimAction.reportMonitors()";"0.0";"0.0 ms";"0.0 ms";"96.159 ms";"96.159 ms";"4"
"avrora.monitors.PacketMonitor$Mon.report()";"0.0";"0.0 ms";"0.0 ms";"96.159 ms";"96.159 ms";"4"
"cck.elf.ELFDataInputStream.read_Elf32_uchar()";"0.0";"0.0 ms";"0.0 ms";"81.424 ms";"81.424 ms";"4"
"avrora.sim.Simulation$Node.instantiate()";"0.0";"0.0 ms";"0.0 ms";"83.109 ms";"83.109 ms";"4"
"avrora.sim.platform.Mica2$Factory.newPlatform()";"0.0";"0.0 ms";"0.0 ms";"83.109 ms";"83.109 ms";"4"
"java.util.concurrent.locks.LockSupport.parkNanos()";"0.0";"0.0 ms";"0.0 ms";"464372.699 ms";"0.0 ms";"3"
"avrora.sim.mcu.ATMega128.<init>()";"0.0";"0.0 ms";"0.0 ms";"60.857 ms";"60.857 ms";"3"
"avrora.sim.mcu.ATMega128.installDevices()";"0.0";"0.0 ms";"0.0 ms";"60.857 ms";"60.857 ms";"3"
"cck.text.TermUtil.printThinSeparator()";"0.0";"0.0 ms";"0.0 ms";"73.557 ms";"73.557 ms";"3"
"javax.management.openmbean.CompositeDataSupport.makeMap()";"0.0";"0.0 ms";"0.0 ms";"63.269 ms";"63.269 ms";"3"
"avrora.syntax.elf.ELFParser.disassembleSection()";"0.0";"0.0 ms";"0.0 ms";"59.9 ms";"59.9 ms";"3"
"avrora.arch.legacy.LegacyDisassembler.disassemble()";"0.0";"0.0 ms";"0.0 ms";"59.9 ms";"59.9 ms";"3"
"avrora.arch.legacy.LegacyDisassembler.disassembleLegacy()";"0.0";"0.0 ms";"0.0 ms";"59.9 ms";"59.9 ms";"3"
"avrora.arch.legacy.LegacyDisassembler.decode_root()";"0.0";"0.0 ms";"0.0 ms";"59.9 ms";"59.9 ms";"3"
"sun.reflect.GeneratedMethodAccessor29.invoke()";"0.0";"0.0 ms";"0.0 ms";"64.163 ms";"64.163 ms";"3"
"javax.management.remote.rmi.RMIConnectionImpl.getAttribute()";"0.0";"0.0 ms";"0.0 ms";"64.163 ms";"64.163 ms";"3"
"avrora.sim.clock.MainClock.removeEvent()";"0.0";"0.0 ms";"0.0 ms";"58.257 ms";"58.257 ms";"3"
"avrora.sim.clock.DeltaQueue.removeEvent()";"0.0";"0.0 ms";"0.0 ms";"58.257 ms";"58.257 ms";"3"
"cck.text.Terminal.printGreen()";"0.0";"0.0 ms";"0.0 ms";"61.017 ms";"61.017 ms";"3"
"java.io.ObjectInputStream.readObject0()";"0.0";"0.0 ms";"0.0 ms";"40.741 ms";"40.741 ms";"3"
"cck.text.Terminal.printBrightBlue()";"0.0";"0.0 ms";"0.0 ms";"57.435 ms";"57.435 ms";"3"
"avrora.sim.radio.Medium$Transmitter.beginTransmit()";"0.0";"0.0 ms";"0.0 ms";"60.902 ms";"60.902 ms";"3"
"avrora.Main.checkFileExists()";"0.0";"0.0 ms";"0.0 ms";"64.359 ms";"64.359 ms";"3"
"avrora.sim.FiniteStateMachine.fireBefore()";"0.0";"0.0 ms";"0.0 ms";"58.372 ms";"58.372 ms";"3"
"java.net.ServerSocket.accept()";"0.0";"0.0 ms";"0.0 ms";"344026.374 ms";"0.0 ms";"3"
"java.net.ServerSocket.implAccept()";"0.0";"0.0 ms";"0.0 ms";"344026.374 ms";"0.0 ms";"3"
"java.net.PlainSocketImpl.accept()";"0.0";"0.0 ms";"0.0 ms";"344026.374 ms";"0.0 ms";"3"
"java.net.AbstractPlainSocketImpl.accept()";"0.0";"0.0 ms";"0.0 ms";"344026.374 ms";"0.0 ms";"3"
"java.net.DualStackPlainSocketImpl.socketAccept()";"0.0";"0.0 ms";"0.0 ms";"344026.374 ms";"0.0 ms";"3"
"java.util.concurrent.ThreadPoolExecutor.getTask()";"0.0";"0.0 ms";"0.0 ms";"464372.699 ms";"0.0 ms";"3"
"java.util.TreeMap.containsKey()";"0.0";"0.0 ms";"0.0 ms";"44.344 ms";"44.344 ms";"2"
"sun.reflect.GeneratedMethodAccessor33.invoke()";"0.0";"0.0 ms";"0.0 ms";"30.14 ms";"30.14 ms";"2"
"javax.management.remote.rmi.RMIConnectionImpl.getAttributes()";"0.0";"0.0 ms";"0.0 ms";"30.14 ms";"30.14 ms";"2"
"java.util.concurrent.SynchronousQueue.poll()";"0.0";"0.0 ms";"0.0 ms";"119998.821 ms";"0.0 ms";"2"
"java.util.concurrent.SynchronousQueue$TransferStack.transfer()";"0.0";"0.0 ms";"0.0 ms";"119998.821 ms";"0.0 ms";"2"
"java.util.concurrent.SynchronousQueue$TransferStack.awaitFulfill()";"0.0";"0.0 ms";"0.0 ms";"119998.821 ms";"0.0 ms";"2"
"avrora.arch.legacy.LegacyDisassembler.decode_root0()";"0.0";"0.0 ms";"0.0 ms";"40.542 ms";"40.542 ms";"2"
"sun.rmi.server.UnicastServerRef.unmarshalParameters()";"0.0";"0.0 ms";"0.0 ms";"39.753 ms";"39.753 ms";"2"
"sun.rmi.server.UnicastServerRef.unmarshalParametersUnchecked()";"0.0";"0.0 ms";"0.0 ms";"39.753 ms";"39.753 ms";"2"
"java.io.ObjectOutputStream$BlockDataOutputStream.drain()";"0.0";"0.0 ms";"0.0 ms";"37.744 ms";"37.744 ms";"2"
"java.io.BufferedOutputStream.write()";"0.0";"0.0 ms";"0.0 ms";"37.744 ms";"37.744 ms";"2"
"cck.elf.ELFLoader.readPHT()";"0.0";"0.0 ms";"0.0 ms";"40.621 ms";"40.621 ms";"2"
"cck.elf.ELFProgramHeaderTable.read()";"0.0";"0.0 ms";"0.0 ms";"40.621 ms";"40.621 ms";"2"
"javax.management.remote.rmi.RMIConnectionImpl.unwrap()";"0.0";"0.0 ms";"0.0 ms";"20.822 ms";"20.822 ms";"2"
"java.io.ObjectInputStream.readObject()";"0.0";"0.0 ms";"0.0 ms";"40.741 ms";"40.741 ms";"2"
"java.io.ObjectInputStream.readArray()";"0.0";"0.0 ms";"0.0 ms";"20.822 ms";"20.822 ms";"2"
"java.io.ObjectInputStream.readClassDesc()";"0.0";"0.0 ms";"0.0 ms";"40.741 ms";"40.741 ms";"2"
"java.util.concurrent.ScheduledThreadPoolExecutor$DelayedWorkQueue.take()";"0.0";"0.0 ms";"0.0 ms";"344373.878 ms";"0.0 ms";"2"
"java.net.NetworkInterface.getNetworkInterfaces()";"0.0";"0.0 ms";"0.0 ms";"347.504 ms";"347.504 ms";"2"
"java.io.ObjectInputStream.readNonProxyDesc()";"0.0";"0.0 ms";"0.0 ms";"40.741 ms";"40.741 ms";"2"
"sun.rmi.server.MarshalInputStream.resolveClass()";"0.0";"0.0 ms";"0.0 ms";"40.741 ms";"40.741 ms";"2"
"org.dacapo.harness.Callback.start()";"0.0";"0.0 ms";"0.0 ms";"5.232 ms";"5.232 ms";"2"
"java.lang.ref.ReferenceQueue.remove()";"0.0";"0.0 ms";"0.0 ms";"344373.878 ms";"0.0 ms";"2"
"sun.rmi.server.LoaderHandler.loadClass()";"0.0";"0.0 ms";"0.0 ms";"19.919 ms";"19.919 ms";"2"
"avrora.sim.clock.RippleSynchronizer.start()";"0.0";"0.0 ms";"0.0 ms";"41.536 ms";"41.536 ms";"2"
"java.lang.Thread.start()";"0.0";"0.0 ms";"0.0 ms";"41.536 ms";"41.536 ms";"2"
"com.sun.jmx.mbeanserver.JmxMBeanServer.getAttribute()";"0.0";"0.0 ms";"0.0 ms";"43.66 ms";"43.66 ms";"2"
"com.sun.jmx.interceptor.DefaultMBeanServerInterceptor.getAttribute()";"0.0";"0.0 ms";"0.0 ms";"43.66 ms";"43.66 ms";"2"
"javax.management.StandardMBean.getAttribute()";"0.0";"0.0 ms";"0.0 ms";"43.66 ms";"43.66 ms";"2"
"com.sun.jmx.mbeanserver.MBeanSupport.getAttribute()";"0.0";"0.0 ms";"0.0 ms";"43.66 ms";"43.66 ms";"2"
"com.sun.jmx.mbeanserver.PerInterface.getAttribute()";"0.0";"0.0 ms";"0.0 ms";"43.66 ms";"43.66 ms";"2"
"avrora.sim.AtmelInterpreter.advanceClock()";"0.0";"0.0 ms";"0.0 ms";"39.316 ms";"39.316 ms";"2"
"java.lang.Thread.init()";"0.0";"0.0 ms";"0.0 ms";"19.721 ms";"19.721 ms";"2"
"avrora.arch.legacy.LegacyInstr$SBRS.accept()";"0.0";"0.0 ms";"0.0 ms";"41.0 ms";"41.0 ms";"2"
"java.io.ObjectOutputStream$BlockDataOutputStream.writeUTF()";"0.0";"0.0 ms";"0.0 ms";"19.789 ms";"19.789 ms";"2"
"avrora.syntax.elf.ELFParser.createProgram()";"0.0";"0.0 ms";"0.0 ms";"41.994 ms";"41.994 ms";"2"
"sun.rmi.transport.tcp.TCPTransport$AcceptLoop.run()";"0.0";"0.0 ms";"0.0 ms";"344373.878 ms";"347.504 ms";"1"
"java.io.ObjectOutputStream$BlockDataOutputStream.setBlockDataMode()";"0.0";"0.0 ms";"0.0 ms";"18.387 ms";"18.387 ms";"1"
"com.sun.jmx.interceptor.DefaultMBeanServerInterceptor.getMBean()";"0.0";"0.0 ms";"0.0 ms";"12.937 ms";"12.937 ms";"1"
"sun.rmi.server.MarshalInputStream.latestUserDefinedLoader()";"0.0";"0.0 ms";"0.0 ms";"20.822 ms";"20.822 ms";"1"
"sun.misc.VM.latestUserDefinedLoader()";"0.0";"0.0 ms";"0.0 ms";"20.822 ms";"20.822 ms";"1"
"com.sun.jmx.interceptor.DefaultMBeanServerInterceptor.getAttributes()";"0.0";"0.0 ms";"0.0 ms";"12.937 ms";"12.937 ms";"1"
"avrora.sim.platform.Mica2.<init>()";"0.0";"0.0 ms";"0.0 ms";"22.251 ms";"22.251 ms";"1"
"avrora.sim.platform.Mica2.addDevices()";"0.0";"0.0 ms";"0.0 ms";"22.251 ms";"22.251 ms";"1"
"avrora.sim.platform.LED.<init>()";"0.0";"0.0 ms";"0.0 ms";"22.251 ms";"22.251 ms";"1"
"avrora.sim.FiniteStateMachine.<init>()";"0.0";"0.0 ms";"0.0 ms";"22.251 ms";"22.251 ms";"1"
"avrora.sim.mcu.ATMegaFamily.buildPort()";"0.0";"0.0 ms";"0.0 ms";"20.217 ms";"20.217 ms";"1"
"avrora.sim.mcu.AtmelMicrocontroller.getPin()";"0.0";"0.0 ms";"0.0 ms";"20.217 ms";"20.217 ms";"1"
"cck.elf.ELFDataInputStream.read_Elf32_Off()";"0.0";"0.0 ms";"0.0 ms";"19.134 ms";"19.134 ms";"1"
"com.sun.jmx.mbeanserver.JmxMBeanServer.getAttributes()";"0.0";"0.0 ms";"0.0 ms";"12.937 ms";"12.937 ms";"1"
"java.lang.ref.Finalizer$FinalizerThread.run()";"0.0";"0.0 ms";"0.0 ms";"344373.878 ms";"0.0 ms";"1"
"avrora.sim.clock.RippleSynchronizer.removeNode()";"0.0";"0.0 ms";"0.0 ms";"28.657 ms";"0.0 ms";"1"
"sun.rmi.server.UnicastRef.unmarshalValue()";"0.0";"0.0 ms";"0.0 ms";"19.919 ms";"19.919 ms";"1"
"java.io.ObjectInputStream.readOrdinaryObject()";"0.0";"0.0 ms";"0.0 ms";"19.919 ms";"19.919 ms";"1"
"java.rmi.server.RMIClassLoader.loadClass()";"0.0";"0.0 ms";"0.0 ms";"19.919 ms";"19.919 ms";"1"
"java.lang.ref.Reference.tryHandlePending()";"0.0";"0.0 ms";"0.0 ms";"344373.878 ms";"0.0 ms";"1"
"java.lang.ref.Reference$ReferenceHandler.run()";"0.0";"0.0 ms";"0.0 ms";"344373.878 ms";"0.0 ms";"1"
"java.rmi.server.RMIClassLoader$2.loadClass()";"0.0";"0.0 ms";"0.0 ms";"19.919 ms";"19.919 ms";"1"
"avrora.Main.checkFilesExist()";"0.0";"0.0 ms";"0.0 ms";"20.458 ms";"20.458 ms";"1"
"java.lang.Class.forName()";"0.0";"0.0 ms";"0.0 ms";"19.919 ms";"19.919 ms";"1"
"java.lang.StringBuffer.<init>()";"0.0";"0.0 ms";"0.0 ms";"20.042 ms";"20.042 ms";"1"
"java.util.TreeMap.put()";"0.0";"0.0 ms";"0.0 ms";"18.925 ms";"18.925 ms";"1"
"java.rmi.MarshalledObject.get()";"0.0";"0.0 ms";"0.0 ms";"20.822 ms";"20.822 ms";"1"
"avrora.arch.legacy.LegacyDisassembler.decode_31()";"0.0";"0.0 ms";"0.0 ms";"20.189 ms";"20.189 ms";"1"
"avrora.arch.legacy.LegacyDisassembler.decode_30()";"0.0";"0.0 ms";"0.0 ms";"20.189 ms";"20.189 ms";"1"
"com.sun.jmx.mbeanserver.Repository.retrieveNamedObject()";"0.0";"0.0 ms";"0.0 ms";"12.937 ms";"12.937 ms";"1"
"java.util.AbstractSet.equals()";"0.0";"0.0 ms";"0.0 ms";"20.306 ms";"20.306 ms";"1"
"java.util.Collections$UnmodifiableSet.equals()";"0.0";"0.0 ms";"0.0 ms";"20.306 ms";"20.306 ms";"1"
"java.io.ObjectOutputStream$BlockDataOutputStream.write()";"0.0";"0.0 ms";"0.0 ms";"19.357 ms";"19.357 ms";"1"
"sun.reflect.GeneratedMethodAccessor39.invoke()";"0.0";"0.0 ms";"0.0 ms";"23.255 ms";"23.255 ms";"1"
"Harness.main()";"0.0";"0.0 ms";"0.0 ms";"344373.878 ms";"3624.91 ms";"1"
"java.util.Hashtable.clone()";"0.0";"0.0 ms";"0.0 ms";"4.488 ms";"4.488 ms";"1"
"avrora.arch.legacy.LegacyDisassembler$InvalidInstruction.<init>()";"0.0";"0.0 ms";"0.0 ms";"19.357 ms";"19.357 ms";"1"
"com.sun.jmx.remote.internal.ServerCommunicatorAdmin$Timeout.run()";"0.0";"0.0 ms";"0.0 ms";"344373.878 ms";"0.0 ms";"1"
"avrora.sim.mcu.USART.<init>()";"0.0";"0.0 ms";"0.0 ms";"20.209 ms";"20.209 ms";"1"
"org.dacapo.harness.TestHarness.main()";"0.0";"0.0 ms";"0.0 ms";"344373.878 ms";"3624.91 ms";"1"
"org.dacapo.harness.TestHarness.runBenchmark()";"0.0";"0.0 ms";"0.0 ms";"344373.878 ms";"3624.91 ms";"1"
"org.dacapo.harness.Benchmark.run()";"0.0";"0.0 ms";"0.0 ms";"344373.878 ms";"3624.91 ms";"1"
"sun.reflect.GeneratedMethodAccessor30.invoke()";"0.0";"0.0 ms";"0.0 ms";"20.405 ms";"20.405 ms";"1"
"java.util.concurrent.locks.AbstractQueuedSynchronizer$ConditionObject.awaitNanos()";"0.0";"0.0 ms";"0.0 ms";"344373.878 ms";"0.0 ms";"1"
"com.sun.jmx.mbeanserver.Repository.retrieve()";"0.0";"0.0 ms";"0.0 ms";"12.937 ms";"12.937 ms";"1"
"avrora.sim.SimulatorThread.<init>()";"0.0";"0.0 ms";"0.0 ms";"19.721 ms";"19.721 ms";"1"
"java.lang.Thread.<init>()";"0.0";"0.0 ms";"0.0 ms";"19.721 ms";"19.721 ms";"1"
"java.lang.reflect.Method.getParameterTypes()";"0.0";"0.0 ms";"0.0 ms";"19.834 ms";"19.834 ms";"1"
"java.lang.Thread.setPriority()";"0.0";"0.0 ms";"0.0 ms";"19.721 ms";"19.721 ms";"1"
"avrora.sim.mcu.ATMegaFamily$Timer3.<init>()";"0.0";"0.0 ms";"0.0 ms";"20.43 ms";"20.43 ms";"1"
"java.lang.System.setProperty()";"0.0";"0.0 ms";"0.0 ms";"8.798 ms";"8.798 ms";"1"
"cck.text.Terminal.nextln()";"0.0";"0.0 ms";"0.0 ms";"21.596 ms";"21.596 ms";"1"
"cck.text.Status.print()";"0.0";"0.0 ms";"0.0 ms";"21.596 ms";"21.596 ms";"1"
"cck.text.Status.success()";"0.0";"0.0 ms";"0.0 ms";"21.596 ms";"21.596 ms";"1"
"sun.management.jmxremote.LocalRMIServerSocketFactory$1.accept()";"0.0";"0.0 ms";"0.0 ms";"344373.878 ms";"347.504 ms";"1"
"java.io.ObjectOutputStream.writeUTF()";"0.0";"0.0 ms";"0.0 ms";"19.789 ms";"19.789 ms";"1"
"java.io.ObjectStreamClass.writeNonProxy()";"0.0";"0.0 ms";"0.0 ms";"19.789 ms";"19.789 ms";"1"
"java.io.ObjectOutputStream.writeNonProxyDesc()";"0.0";"0.0 ms";"0.0 ms";"19.789 ms";"19.789 ms";"1"
"java.io.ObjectOutputStream.writeClassDesc()";"0.0";"0.0 ms";"0.0 ms";"19.789 ms";"19.789 ms";"1"
"sun.rmi.transport.tcp.TCPTransport$AcceptLoop.executeAcceptLoop()";"0.0";"0.0 ms";"0.0 ms";"344373.878 ms";"347.504 ms";"1"
"java.io.FileInputStream.open()";"0.0";"0.0 ms";"0.0 ms";"20.084 ms";"20.084 ms";"1"
"java.io.FileInputStream.<init>()";"0.0";"0.0 ms";"0.0 ms";"20.084 ms";"20.084 ms";"1"
"java.io.FileReader.<init>()";"0.0";"0.0 ms";"0.0 ms";"20.084 ms";"20.084 ms";"1"
"org.dacapo.harness.FileDigest.getText()";"0.0";"0.0 ms";"0.0 ms";"20.084 ms";"20.084 ms";"1"
"org.dacapo.harness.FileDigest.get()";"0.0";"0.0 ms";"0.0 ms";"20.084 ms";"20.084 ms";"1"
"org.dacapo.harness.Benchmark.validate()";"0.0";"0.0 ms";"0.0 ms";"20.084 ms";"20.084 ms";"1"
